date,commodity,price,temp_c,rainfall_mm,humidity_pct
2024-05-02,maize,452.0,27.15,0.0,26.0
2024-05-03,maize,447.0,29.35,0.0,21.0
2024-05-04,maize,447.0,33.0,0.0,19.0
2024-05-05,maize,447.0,32.95,0.0,20.0
2024-05-06,maize,457.0,33.3,0.0,22.0
2024-05-07,maize,453.75,34.45,0.0,28.0
2024-05-08,maize,445.5,33.25,0.0,39.0
2024-05-09,maize,442.75,32.9,0.0,36.0
2024-05-10,maize,455.75,32.75,1.1,47.0
2024-05-11,maize,455.75,32.4,0.1,40.0
2024-05-12,maize,455.75,32.65,0.1,36.0
2024-05-13,maize,458.5,32.65,0.0,26.0
2024-05-14,maize,453.75,32.6,0.0,21.0
2024-05-15,maize,462.5,33.8,0.0,18.0
2024-05-16,maize,457.0,34.6,0.0,19.0
2024-05-17,maize,452.5,36.0,0.0,19.0
2024-05-18,maize,452.5,35.5,0.0,18.0
2024-05-19,maize,452.5,36.25,0.0,17.0
2024-05-20,maize,460.5,36.35,0.0,19.0
2024-05-21,maize,458.0,35.85,0.0,30.0
2024-05-22,maize,461.25,35.45,0.3,37.0
2024-05-23,maize,464.0,35.75,0.0,36.0
2024-05-24,maize,464.75,35.599999999999994,0.0,35.0
2024-05-25,maize,464.75,37.25,0.0,24.0
2024-05-26,maize,464.75,37.75,0.0,17.0
2024-05-27,maize,464.75,37.6,0.0,17.0
2024-05-28,maize,462.5,37.349999999999994,0.0,13.0
2024-05-29,maize,455.25,39.3,0.0,18.0
2024-05-30,maize,448.75,37.65,0.0,14.0
2024-05-31,maize,446.25,37.15,0.0,13.0
2024-06-01,maize,446.25,37.65,0.0,20.0
2024-06-02,maize,446.25,35.7,0.0,26.0
2024-06-03,maize,443.5,36.95,0.0,21.0
2024-06-04,maize,442.5,36.6,0.0,19.0
2024-06-05,maize,439.25,36.6,0.0,25.0
2024-06-06,maize,452.0,34.45,0.0,30.0
2024-06-07,maize,448.75,35.55,0.0,29.0
2024-06-08,maize,448.75,34.25,0.0,27.0
2024-06-09,maize,448.75,35.25,0.0,20.0
2024-06-10,maize,451.75,35.45,0.0,18.0
2024-06-11,maize,449.5,36.05,0.0,19.0
2024-06-12,maize,454.25,36.45,0.0,17.0
2024-06-13,maize,458.5,37.2,0.0,21.0
2024-06-14,maize,450.0,38.05,0.0,29.0
2024-06-15,maize,450.0,37.75,0.0,26.0
2024-06-16,maize,450.0,38.4,0.0,24.0
2024-06-17,maize,443.75,38.85,0.0,25.0
2024-06-18,maize,450.0,39.35,0.0,26.0
2024-06-19,maize,450.0,37.15,0.8,36.0
2024-06-20,maize,439.75,32.35,6.7,49.0
2024-06-21,maize,435.0,31.8,0.3,54.0
2024-06-22,maize,435.0,34.2,0.0,51.0
2024-06-23,maize,435.0,34.8,0.3,51.0
2024-06-24,maize,433.5,34.7,1.7,56.0
2024-06-25,maize,425.5,32.1,13.5,64.0
2024-06-26,maize,420.0,29.9,20.9,75.0
2024-06-27,maize,413.75,27.9,9.9,85.0
2024-06-28,maize,397.25,28.05,15.4,85.0
2024-06-29,maize,397.25,29.7,20.5,79.0
2024-06-30,maize,397.25,30.4,20.4,77.0
2024-07-01,maize,398.25,30.0,13.0,78.0
2024-07-02,maize,402.0,29.8,3.2,85.0
2024-07-03,maize,403.5,29.4,1.9,83.0
2024-07-04,maize,403.5,28.55,7.2,82.0
2024-07-05,maize,411.25,28.2,0.7,84.0
2024-07-06,maize,411.25,29.3,1.0,81.0
2024-07-07,maize,411.25,29.35,0.1,75.0
2024-07-08,maize,395.75,29.5,0.0,76.0
2024-07-09,maize,400.25,29.25,4.9,80.0
2024-07-10,maize,403.25,30.3,11.3,79.0
2024-07-11,maize,406.75,31.549999999999997,3.9,75.0
2024-07-12,maize,400.0,31.1,0.5,76.0
2024-07-13,maize,400.0,29.650000000000002,12.4,77.0
2024-07-14,maize,400.0,30.15,1.4,71.0
2024-07-15,maize,390.5,29.450000000000003,17.6,77.0
2024-07-16,maize,395.75,29.900000000000002,1.4,76.0
2024-07-17,maize,398.0,31.3,1.2,76.0
2024-07-18,maize,391.25,31.1,1.3,77.0
2024-07-19,maize,390.5,30.799999999999997,0.5,77.0
2024-07-20,maize,390.5,31.0,0.2,75.0
2024-07-21,maize,390.5,31.0,5.9,78.0
2024-07-22,maize,400.25,31.200000000000003,1.0,78.0
2024-07-23,maize,402.5,30.65,8.6,81.0
2024-07-24,maize,403.75,30.05,2.7,81.0
2024-07-25,maize,406.0,30.950000000000003,0.8,76.0
2024-07-26,maize,394.5,30.2,9.9,82.0
2024-07-27,maize,394.5,31.0,4.5,81.0
2024-07-28,maize,394.5,31.8,6.0,75.0
2024-07-29,maize,396.25,32.0,0.3,72.0
2024-07-30,maize,388.75,32.6,0.2,70.0
2024-07-31,maize,382.75,31.75,144.6,81.0
2024-08-01,maize,382.0,28.35,6.3,84.0
2024-08-02,maize,386.5,28.85,2.9,83.0
2024-08-03,maize,386.5,29.2,1.7,81.0
2024-08-04,maize,386.5,30.15,0.5,74.0
2024-08-05,maize,390.75,29.5,0.8,77.0
2024-08-06,maize,388.75,29.1,0.2,76.0
2024-08-07,maize,383.25,27.75,19.9,89.0
2024-08-08,maize,379.25,28.5,11.9,87.0
2024-08-09,maize,376.75,28.35,33.3,87.0
2024-08-10,maize,376.75,28.1,9.6,87.0
2024-08-11,maize,376.75,28.25,11.9,89.0
2024-08-12,maize,383.25,27.6,10.3,91.0
2024-08-13,maize,377.75,28.0,9.1,90.0
2024-08-14,maize,381.0,28.3,7.8,89.0
2024-08-15,maize,375.0,28.85,11.8,87.0
2024-08-16,maize,370.5,28.95,14.1,88.0
2024-08-17,maize,370.5,28.799999999999997,7.7,85.0
2024-08-18,maize,370.5,29.450000000000003,3.0,82.0
2024-08-19,maize,378.0,29.400000000000002,0.9,82.0
2024-08-20,maize,375.0,28.450000000000003,7.8,86.0
2024-08-21,maize,375.5,28.35,7.0,86.0
2024-08-22,maize,371.5,28.849999999999998,1.9,86.0
2024-08-23,maize,367.75,27.799999999999997,1.2,86.0
2024-08-24,maize,367.75,28.2,21.5,84.0
2024-08-25,maize,367.75,28.650000000000002,2.2,78.0
2024-08-26,maize,362.0,27.9,4.2,84.0
2024-08-27,maize,367.25,27.65,12.0,86.0
2024-08-28,maize,365.25,27.2,14.9,87.0
2024-08-29,maize,371.75,27.65,11.2,87.0
2024-08-30,maize,378.0,28.1,7.5,88.0
2024-08-31,maize,378.0,29.45,0.0,78.0
2024-09-01,maize,378.0,29.5,0.9,77.0
2024-09-02,maize,378.0,28.3,10.9,83.0
2024-09-03,maize,386.5,28.0,17.8,88.0
2024-09-04,maize,390.5,27.6,0.9,86.0
2024-09-05,maize,390.0,27.85,7.2,84.0
2024-09-06,maize,383.75,27.3,18.4,89.0
2024-09-07,maize,383.75,27.25,22.5,87.0
2024-09-08,maize,383.75,27.85,7.2,87.0
2024-09-09,maize,384.25,28.900000000000002,5.6,82.0
2024-09-10,maize,379.5,27.75,9.6,89.0
2024-09-11,maize,380.5,28.3,44.0,88.0
2024-09-12,maize,386.25,24.7,114.1,92.0
2024-09-13,maize,390.75,26.55,24.5,90.0
2024-09-14,maize,390.75,26.2,4.3,84.0
2024-09-15,maize,390.75,26.85,0.1,77.0
2024-09-16,maize,410.75,27.9,0.0,73.0
2024-09-17,maize,412.5,27.75,0.0,75.0
2024-09-18,maize,412.75,25.25,65.4,87.0
2024-09-19,maize,405.75,26.4,1.0,86.0
2024-09-20,maize,401.75,27.5,0.0,79.0
2024-09-21,maize,401.75,28.3,0.2,78.0
2024-09-22,maize,401.75,29.1,0.0,79.0
2024-09-23,maize,413.5,29.15,0.0,78.0
2024-09-24,maize,411.75,29.35,0.0,77.0
2024-09-25,maize,415.25,29.2,0.4,82.0
2024-09-26,maize,413.25,28.25,0.4,81.0
2024-09-27,maize,418.0,27.0,0.8,80.0
2024-09-28,maize,418.0,26.7,0.0,82.0
2024-09-29,maize,418.0,26.6,0.3,82.0
2024-09-30,maize,424.75,28.1,0.0,78.0
2024-10-01,maize,429.0,28.6,0.0,76.0
2024-10-02,maize,432.5,29.55,0.0,70.0
2024-10-03,maize,428.25,29.15,0.0,66.0
2024-10-04,maize,424.75,28.65,0.0,68.0
2024-10-05,maize,424.75,28.85,0.0,64.0
2024-10-06,maize,424.75,27.7,0.0,68.0
2024-10-07,maize,426.0,27.099999999999998,0.0,72.0
2024-10-08,maize,420.75,26.75,0.0,68.0
2024-10-09,maize,421.0,26.35,0.0,65.0
2024-10-10,maize,418.5,25.849999999999998,0.0,58.0
2024-10-11,maize,415.75,25.3,0.0,59.0
2024-10-12,maize,415.75,25.55,0.0,60.0
2024-10-13,maize,415.75,25.85,0.0,56.0
2024-10-14,maize,408.25,25.85,0.0,55.0
2024-10-15,maize,401.25,25.65,0.0,58.0
2024-10-16,maize,404.75,25.95,0.0,58.0
2024-10-17,maize,406.75,26.65,0.0,65.0
2024-10-18,maize,404.75,26.7,0.0,64.0
2024-10-19,maize,404.75,27.3,0.0,63.0
2024-10-20,maize,404.75,26.6,0.0,70.0
2024-10-21,maize,409.5,26.15,0.0,70.0
2024-10-22,maize,416.5,25.75,0.0,67.0
2024-10-23,maize,419.0,26.05,0.0,59.0
2024-10-24,maize,421.5,26.05,0.0,60.0
2024-10-25,maize,415.25,25.5,0.0,63.0
2024-10-26,maize,415.25,25.25,0.0,68.0
2024-10-27,maize,415.25,25.7,0.0,74.0
2024-10-28,maize,410.75,26.049999999999997,0.0,71.0
2024-10-29,maize,413.75,26.7,0.0,69.0
2024-10-30,maize,411.5,27.7,0.0,65.0
2024-10-31,maize,410.75,26.4,0.0,58.0
2024-11-01,maize,414.5,25.6,0.0,53.0
2024-11-02,maize,414.5,24.7,0.0,56.0
2024-11-03,maize,414.5,24.700000000000003,0.0,54.0
2024-11-04,maize,416.5,23.95,0.0,65.0
2024-11-05,maize,418.5,23.75,0.0,69.0
2024-11-06,maize,426.25,24.1,0.0,68.0
2024-11-07,maize,427.5,24.55,0.0,66.0
2024-11-08,maize,431.0,24.7,0.0,68.0
2024-11-09,maize,431.0,25.0,0.0,67.0
2024-11-10,maize,431.0,24.450000000000003,0.0,71.0
2024-11-11,maize,430.0,24.15,0.0,74.0
2024-11-12,maize,428.5,25.05,0.0,54.0
2024-11-13,maize,426.5,24.4,0.0,59.0
2024-11-14,maize,419.0,24.5,0.0,53.0
2024-11-15,maize,424.0,23.7,0.0,53.0
2024-11-16,maize,424.0,23.15,0.0,55.0
2024-11-17,maize,424.0,22.6,0.0,59.0
2024-11-18,maize,429.25,21.15,0.0,59.0
2024-11-19,maize,427.25,20.049999999999997,0.0,50.0
2024-11-20,maize,430.25,19.75,0.0,50.0
2024-11-21,maize,426.75,19.7,0.0,51.0
2024-11-22,maize,425.5,20.05,0.0,55.0
2024-11-23,maize,425.5,20.8,0.0,49.0
2024-11-24,maize,425.5,21.6,0.0,49.0
2024-11-25,maize,424.75,20.5,0.0,59.0
2024-11-26,maize,420.0,19.7,0.0,54.0
2024-11-27,maize,415.75,19.8,0.0,48.0
2024-11-28,maize,415.75,19.15,0.0,53.0
2024-11-29,maize,423.0,18.45,0.0,60.0
2024-11-30,maize,423.0,18.65,0.0,61.0
2024-12-01,maize,423.0,19.4,0.0,61.0
2024-12-02,maize,424.5,19.55,0.0,57.0
2024-12-03,maize,423.25,20.0,0.0,53.0
2024-12-04,maize,422.0,19.8,0.0,50.0
2024-12-05,maize,426.5,17.75,0.0,43.0
2024-12-06,maize,430.75,17.4,0.0,47.0
2024-12-07,maize,430.75,16.35,0.0,47.0
2024-12-08,maize,430.75,16.6,1.5,60.0
2024-12-09,maize,434.0,15.3,0.0,63.0
2024-12-10,maize,440.5,14.9,0.0,49.0
2024-12-11,maize,438.0,14.15,0.0,49.0
2024-12-12,maize,431.75,14.1,0.0,51.0
2024-12-13,maize,430.0,14.9,0.0,45.0
2024-12-14,maize,430.0,14.600000000000001,0.0,47.0
2024-12-15,maize,430.0,14.15,0.0,56.0
2024-12-16,maize,445.0,14.0,0.0,70.0
2024-12-17,maize,443.5,14.15,0.0,72.0
2024-12-18,maize,437.25,14.25,0.0,69.0
2024-12-19,maize,440.75,14.4,0.0,61.0
2024-12-20,maize,446.25,16.7,0.0,64.0
2024-12-21,maize,446.25,15.65,0.0,62.0
2024-12-22,maize,446.25,16.45,0.0,59.0
2024-12-23,maize,447.75,14.600000000000001,1.4,71.0
2024-12-24,maize,448.5,14.9,0.5,79.0
2024-12-25,maize,448.5,15.55,0.0,77.0
2024-12-26,maize,453.75,16.2,0.0,64.0
2024-12-27,maize,454.0,14.9,30.5,89.0
2024-12-28,maize,454.0,14.45,4.0,90.0
2024-12-29,maize,454.0,14.05,0.0,86.0
2024-12-30,maize,452.25,13.2,0.0,88.0
2024-12-31,maize,458.5,11.75,0.0,89.0
2025-01-01,maize,458.5,12.3,0.0,88.0
2025-01-02,maize,459.5,13.45,0.0,85.0
2025-01-03,maize,450.75,14.0,0.0,86.0
2025-01-04,maize,450.75,14.850000000000001,0.0,89.0
2025-01-05,maize,450.75,13.450000000000001,0.0,90.0
2025-01-06,maize,457.75,13.5,4.9,88.0
2025-01-07,maize,458.0,13.35,0.0,87.0
2025-01-08,maize,454.0,13.25,0.0,74.0
2025-01-09,maize,456.0,13.25,0.0,78.0
2025-01-10,maize,470.5,12.85,0.0,85.0
2025-01-11,maize,470.5,12.350000000000001,3.9,87.0
2025-01-12,maize,470.5,13.7,0.1,88.0
2025-01-13,maize,476.5,14.05,0.0,85.0
2025-01-14,maize,474.5,13.399999999999999,0.0,83.0
2025-01-15,maize,478.75,13.75,2.9,87.0
2025-01-16,maize,474.5,14.15,0.7,83.0
2025-01-17,maize,484.25,13.35,0.0,82.0
2025-01-18,maize,484.25,12.8,0.0,87.0
2025-01-19,maize,484.25,15.1,0.0,84.0
2025-01-20,maize,484.25,16.799999999999997,0.0,83.0
2025-01-21,maize,490.0,16.5,0.0,78.0
2025-01-22,maize,484.25,16.6,1.6,74.0
2025-01-23,maize,489.75,16.5,0.0,69.0
2025-01-24,maize,486.5,15.5,0.0,67.0
2025-01-25,maize,486.5,14.9,0.0,62.0
2025-01-26,maize,486.5,14.55,0.0,63.0
2025-01-27,maize,482.0,14.65,0.0,60.0
2025-01-28,maize,485.25,15.399999999999999,0.0,61.0
2025-01-29,maize,497.0,17.1,0.0,63.0
2025-01-30,maize,490.25,18.05,0.0,68.0
2025-01-31,maize,482.0,19.15,0.0,63.0
2025-02-01,maize,482.0,19.1,0.0,65.0
2025-02-02,maize,482.0,17.450000000000003,0.0,70.0
2025-02-03,maize,488.75,16.8,2.2,64.0
2025-02-04,maize,494.5,17.9,0.5,74.0
2025-02-05,maize,493.25,16.65,0.0,61.0
2025-02-06,maize,495.25,16.15,0.0,52.0
2025-02-07,maize,487.5,15.7,0.0,51.0
2025-02-08,maize,487.5,17.2,0.0,55.0
2025-02-09,maize,487.5,17.950000000000003,0.0,61.0
2025-02-10,maize,491.5,19.35,0.0,59.0
2025-02-11,maize,484.0,20.049999999999997,0.0,58.0
2025-02-12,maize,490.25,19.4,0.0,47.0
2025-02-13,maize,493.5,18.5,0.0,46.0
2025-02-14,maize,496.25,18.450000000000003,0.0,45.0
2025-02-15,maize,496.25,19.3,0.0,46.0
2025-02-16,maize,496.25,20.0,0.0,55.0
2025-02-17,maize,496.25,22.5,0.0,50.0
2025-02-18,maize,502.0,20.75,0.0,53.0
2025-02-19,maize,497.5,20.55,3.6,54.0
2025-02-20,maize,498.0,18.9,4.9,72.0
2025-02-21,maize,491.25,19.35,0.0,70.0
2025-02-22,maize,491.25,18.7,0.0,65.0
2025-02-23,maize,491.25,19.1,0.0,60.0
2025-02-24,maize,482.5,20.1,0.0,57.0
2025-02-25,maize,479.75,21.25,0.0,52.0
2025-02-26,maize,478.25,24.05,0.0,55.0
2025-02-27,maize,464.75,21.2,1.0,69.0
2025-02-28,maize,453.5,19.549999999999997,3.3,78.0
2025-03-01,maize,453.5,19.75,7.7,81.0
2025-03-02,maize,453.5,18.75,0.0,64.0
2025-03-03,maize,440.25,19.85,0.0,60.0
2025-03-04,maize,436.0,18.85,0.0,57.0
2025-03-05,maize,440.25,17.7,0.0,42.0
2025-03-06,maize,449.5,19.65,0.0,44.0
2025-03-07,maize,455.25,20.45,0.0,43.0
2025-03-08,maize,455.25,22.35,0.0,44.0
2025-03-09,maize,455.25,24.3,0.0,43.0
2025-03-10,maize,458.75,25.3,0.0,46.0
2025-03-11,maize,456.5,26.9,0.0,48.0
2025-03-12,maize,448.75,26.35,0.0,47.0
2025-03-13,maize,453.5,25.75,5.9,55.0
2025-03-14,maize,445.5,26.1,0.1,51.0
2025-03-15,maize,445.5,24.3,0.4,56.0
2025-03-16,maize,445.5,23.799999999999997,0.1,44.0
2025-03-17,maize,461.0,22.85,0.0,45.0
2025-03-18,maize,458.75,23.45,0.0,42.0
2025-03-19,maize,462.0,25.0,0.0,35.0
2025-03-20,maize,469.0,26.0,0.0,32.0
2025-03-21,maize,464.25,25.3,0.0,33.0
2025-03-22,maize,464.25,24.65,0.0,35.0
2025-03-23,maize,464.25,25.6,0.0,32.0
2025-03-24,maize,464.5,26.9,0.0,33.0
2025-03-25,maize,457.75,28.65,0.0,31.0
2025-03-26,maize,451.25,29.85,0.0,27.0
2025-03-27,maize,450.0,29.450000000000003,0.0,28.0
2025-03-28,maize,453.25,24.45,0.0,21.0
2025-03-29,maize,453.25,22.5,0.0,23.0
2025-03-30,maize,453.25,24.5,0.0,22.0
2025-03-31,maize,457.25,25.65,0.0,21.0
2025-04-01,maize,461.75,26.15,0.0,22.0
2025-04-02,maize,457.75,27.150000000000002,0.0,22.0
2025-04-03,maize,457.5,28.9,0.0,17.0
2025-04-04,maize,460.25,29.3,0.0,18.0
2025-04-05,maize,460.25,28.6,0.0,22.0
2025-04-06,maize,460.25,30.0,0.0,21.0
2025-04-07,maize,464.5,32.15,0.0,23.0
2025-04-08,maize,469.0,32.55,0.0,22.0
2025-04-09,maize,474.0,33.35,0.0,27.0
2025-04-10,maize,483.0,32.15,1.4,36.0
2025-04-11,maize,490.25,27.400000000000002,8.1,65.0
2025-04-12,maize,490.25,27.65,1.1,55.0
2025-04-13,maize,490.25,28.15,0.0,45.0
2025-04-14,maize,485.0,28.9,0.0,39.0
2025-04-15,maize,481.25,30.6,0.0,38.0
2025-04-16,maize,484.25,31.85,0.0,32.0
2025-04-17,maize,482.25,33.35,0.0,34.0
2025-04-18,maize,482.25,33.25,0.0,40.0
2025-04-19,maize,482.25,33.65,0.0,42.0
2025-04-20,maize,482.25,33.5,0.0,35.0
2025-04-21,maize,481.75,32.65,0.0,17.0
2025-04-22,maize,475.75,31.95,0.0,10.0
2025-04-23,maize,472.0,31.5,0.0,12.0
2025-04-24,maize,477.25,32.349999999999994,0.0,12.0
2025-04-25,maize,478.75,33.4,0.0,12.0
2025-04-26,maize,478.75,33.75,0.0,14.0
2025-04-27,maize,478.75,33.65,0.0,14.0
2025-04-28,maize,475.5,33.45,0.0,23.0
2025-04-29,maize,460.5,31.25,0.0,36.0
2025-04-30,maize,467.25,31.5,0.0,37.0
2025-05-01,maize,464.25,31.7,0.0,37.0
2025-05-02,maize,461.25,25.1,12.4,69.0
2025-05-03,maize,461.25,29.65,3.4,52.0
2025-05-04,maize,461.25,29.599999999999998,2.0,52.0
2025-05-05,maize,446.5,29.05,0.1,61.0
2025-05-06,maize,447.5,28.299999999999997,0.4,60.0
2025-05-07,maize,441.0,28.400000000000002,0.5,64.0
2025-05-08,maize,439.0,28.099999999999998,2.7,58.0
2025-05-09,maize,441.5,31.0,1.1,47.0
2025-05-10,maize,441.5,31.3,1.5,56.0
2025-05-11,maize,441.5,31.650000000000002,0.0,44.0
2025-05-12,maize,440.25,32.5,0.0,31.0
2025-05-13,maize,436.0,34.7,0.0,23.0
2025-05-14,maize,438.5,34.85,0.0,22.0
2025-05-15,maize,448.5,35.599999999999994,0.0,20.0
2025-05-16,maize,443.5,35.75,0.0,28.0
2025-05-17,maize,443.5,36.0,0.0,27.0
2025-05-18,maize,443.5,35.45,0.0,36.0
2025-05-19,maize,447.5,35.05,0.0,46.0
2025-05-20,maize,454.5,35.25,0.0,45.0
2025-05-21,maize,461.0,36.05,0.0,46.0
2025-05-22,maize,463.0,31.0,0.0,56.0
2025-05-23,maize,459.5,32.3,1.5,50.0
2025-05-24,maize,459.5,33.1,0.4,48.0
2025-05-25,maize,459.5,27.05,1.8,72.0
2025-05-26,maize,459.5,29.900000000000002,0.4,64.0
2025-05-27,maize,459.5,31.1,0.0,60.0
2025-05-28,maize,451.0,33.45,0.0,56.0
2025-05-29,maize,447.0,33.75,0.3,47.0
2025-05-30,maize,444.0,31.1,0.0,51.0
2025-05-31,maize,444.0,32.95,1.0,46.0
2025-06-01,maize,444.0,31.15,4.2,49.0
2025-06-02,maize,438.25,30.55,0.3,47.0
2025-06-03,maize,438.5,29.55,0.0,50.0
2025-06-04,maize,438.75,30.45,0.3,54.0
2025-06-05,maize,439.5,30.8,0.0,44.0
2025-06-06,maize,442.5,31.849999999999998,0.0,40.0
2025-06-07,maize,442.5,34.6,0.0,37.0
2025-06-08,maize,442.5,36.15,0.0,34.0
2025-06-09,maize,433.5,36.85,0.0,25.0
2025-06-10,maize,438.75,36.5,0.0,24.0
2025-06-11,maize,437.0,36.8,0.0,37.0
2025-06-12,maize,438.5,37.1,0.5,44.0
2025-06-13,maize,444.5,36.05,0.0,50.0
2025-06-14,maize,444.5,36.65,0.3,44.0
2025-06-15,maize,444.5,33.45,1.3,59.0
2025-06-16,maize,434.75,28.4,36.1,85.0
2025-06-17,maize,431.5,28.85,11.1,81.0
2025-06-18,maize,433.5,28.6,0.6,77.0
2025-06-19,maize,433.5,29.1,0.2,78.0
2025-06-20,maize,428.75,28.55,1.1,84.0
2025-06-21,maize,428.75,30.450000000000003,1.6,76.0
2025-06-22,maize,428.75,30.9,0.8,75.0
2025-06-23,maize,419.25,31.6,0.1,74.0
2025-06-24,maize,416.25,31.3,12.4,75.0
2025-06-25,maize,410.25,29.05,9.4,85.0
2025-06-26,maize,409.5,30.4,3.7,75.0
2025-06-27,maize,417.5,29.650000000000002,8.2,77.0
2025-06-28,maize,417.5,30.7,12.2,75.0
2025-06-29,maize,417.5,29.349999999999998,5.0,78.0
2025-06-30,maize,420.5,28.45,17.1,89.0
2025-07-01,maize,420.0,29.1,8.9,82.0
2025-07-02,maize,429.25,30.05,1.2,81.0
2025-07-03,maize,431.5,30.0,0.8,78.0
2025-07-04,maize,431.5,30.35,2.9,79.0
2025-07-05,maize,431.5,30.85,1.3,76.0
2025-07-06,maize,431.5,30.950000000000003,9.2,75.0
2025-07-07,maize,418.0,29.55,11.2,82.0
2025-07-08,maize,411.0,30.5,0.2,75.0
2025-07-09,maize,412.5,28.9,16.6,84.0
2025-07-10,maize,407.25,27.55,1.7,86.0
2025-07-11,maize,403.0,28.55,0.4,81.0
2025-07-12,maize,403.0,29.9,2.7,80.0
2025-07-13,maize,403.0,29.35,18.6,86.0
2025-07-14,maize,412.75,28.0,18.4,86.0
2025-07-15,maize,401.25,28.75,14.2,85.0
2025-07-16,maize,405.25,28.75,0.5,82.0
2025-07-17,maize,402.0,28.75,1.5,82.0
2025-07-18,maize,408.5,28.75,4.0,80.0
2025-07-19,maize,408.5,29.0,0.0,76.0
2025-07-20,maize,408.5,30.150000000000002,0.0,72.0
2025-07-21,maize,403.75,28.8,0.4,80.0
2025-07-22,maize,399.25,30.4,0.2,73.0
2025-07-23,maize,398.5,29.85,2.0,79.0
2025-07-24,maize,401.75,30.45,0.7,71.0
2025-07-25,maize,399.5,31.4,0.5,68.0
2025-07-26,maize,399.5,31.099999999999998,2.3,74.0
2025-07-27,maize,399.5,32.3,0.9,67.0
2025-07-28,maize,393.75,32.0,1.6,69.0
2025-07-29,maize,389.25,29.599999999999998,3.8,83.0
2025-07-30,maize,391.75,28.4,29.9,89.0
2025-07-31,maize,394.0,28.45,16.2,87.0
2025-08-01,maize,389.5,28.75,5.9,84.0
2025-08-02,maize,389.5,29.2,0.9,78.0
2025-08-03,maize,389.5,29.55,0.8,78.0
2025-08-04,maize,387.0,28.65,0.0,81.0
2025-08-05,maize,381.5,28.15,8.3,85.0
2025-08-06,maize,379.75,29.1,0.5,79.0
2025-08-07,maize,384.5,29.95,0.0,70.0
2025-08-08,maize,382.75,29.7,0.0,73.0
2025-08-09,maize,382.75,28.2,9.0,85.0
2025-08-10,maize,382.75,29.0,1.6,81.0
2025-08-11,maize,385.0,30.15,1.9,79.0
2025-08-12,maize,371.5,29.75,3.6,79.0
2025-08-13,maize,374.0,30.099999999999998,0.0,73.0
2025-08-14,maize,375.0,27.5,8.2,90.0
2025-08-15,maize,383.75,28.4,4.6,86.0
2025-08-16,maize,383.75,28.75,4.2,86.0
2025-08-17,maize,383.75,29.65,3.5,86.0
2025-08-18,maize,383.0,29.3,9.0,83.0
2025-08-19,maize,379.5,29.25,5.4,82.0
2025-08-20,maize,380.0,29.200000000000003,17.6,80.0
2025-08-21,maize,387.25,29.5,4.0,78.0
2025-08-22,maize,388.25,29.700000000000003,6.7,76.0
2025-08-23,maize,388.25,29.1,7.6,85.0
2025-08-24,maize,388.25,27.75,19.1,87.0
2025-08-25,maize,389.25,26.75,14.7,90.0
2025-08-26,maize,387.5,27.5,4.4,89.0
2025-08-27,maize,382.5,28.8,3.8,86.0
2025-08-28,maize,385.5,28.7,24.1,86.0
2025-08-29,maize,398.0,28.2,1.6,87.0
2025-08-30,maize,398.0,28.450000000000003,3.8,84.0
2025-08-31,maize,398.0,27.0,25.1,91.0
2025-09-01,maize,398.0,26.5,29.3,93.0
2025-09-02,maize,403.0,25.45,11.9,93.0
2025-09-03,maize,397.75,26.7,16.6,89.0
2025-09-04,maize,399.75,27.799999999999997,16.5,86.0
2025-09-05,maize,399.0,27.75,12.9,85.0
2025-09-06,maize,399.0,27.9,5.7,85.0
2025-09-07,maize,399.0,28.35,1.1,86.0
2025-09-08,maize,403.0,28.55,0.7,79.0
2025-09-09,maize,401.25,29.049999999999997,0.4,75.0
2025-09-10,maize,397.25,29.1,0.0,72.0
2025-09-11,maize,399.0,28.75,0.0,69.0
2025-09-12,maize,399.0,29.05,0.2,67.0
2025-09-13,maize,399.0,30.700000000000003,0.9,59.0
2025-09-14,maize,399.0,31.75,0.2,57.0
2025-09-15,maize,423.25,31.85,0.0,53.0
2025-09-16,maize,429.5,31.849999999999998,0.1,58.0
2025-09-17,maize,426.75,30.9,0.2,63.0
2025-09-18,maize,423.75,29.95,1.6,66.0
2025-09-19,maize,424.0,31.15,0.7,61.0
2025-09-20,maize,424.0,30.950000000000003,0.0,55.0
2025-09-21,maize,424.0,30.849999999999998,0.0,52.0
2025-09-22,maize,421.75,31.45,0.0,49.0
2025-09-23,maize,426.25,31.400000000000002,0.0,48.0
2025-09-24,maize,424.25,30.9,0.0,51.0
2025-09-25,maize,425.75,31.05,0.0,51.0
2025-09-26,maize,422.0,31.4,0.0,53.0
2025-09-27,maize,422.0,32.900000000000006,0.1,56.0
2025-09-28,maize,422.0,32.3,0.0,60.0
2025-09-29,maize,421.5,30.3,8.2,59.0
2025-09-30,maize,415.5,29.7,0.0,63.0
2025-10-01,maize,416.5,29.0,2.9,76.0
2025-10-02,maize,421.75,28.4,0.9,73.0
2025-10-03,maize,419.0,29.25,0.1,68.0
2025-10-04,maize,419.0,29.85,0.0,58.0
2025-10-05,maize,419.0,28.2,7.9,64.0
2025-10-06,maize,421.75,25.35,7.8,86.0
2025-10-07,maize,419.75,24.55,4.8,87.0
2025-10-08,maize,422.0,23.049999999999997,0.2,84.0
2025-10-09,maize,418.25,23.85,0.4,73.0
2025-10-10,maize,413.0,23.85,0.0,68.0
2025-10-11,maize,413.0,24.2,0.0,67.0
2025-10-12,maize,413.0,25.55,0.0,63.0
2025-10-13,maize,410.75,26.049999999999997,0.0,59.0
2025-10-14,maize,413.0,26.55,0.0,50.0
2025-10-15,maize,416.75,26.1,0.0,50.0
2025-10-16,maize,421.75,25.85,0.0,51.0
2025-10-17,maize,422.5,26.450000000000003,0.0,55.0
2025-10-18,maize,422.5,27.400000000000002,0.0,52.0
2025-10-19,maize,422.5,28.3,0.0,50.0
2025-10-20,maize,423.25,27.9,0.0,53.0
2025-10-21,maize,419.75,26.799999999999997,0.4,57.0
2025-10-22,maize,423.0,27.0,0.0,49.0
2025-10-23,maize,428.0,25.950000000000003,0.0,44.0
2025-10-24,maize,423.25,26.1,0.0,45.0
2025-10-25,maize,423.25,25.65,0.0,45.0
2025-10-26,maize,423.25,25.2,0.0,47.0
2025-10-27,maize,428.75,25.2,0.0,59.0
2025-10-28,maize,432.0,23.6,0.0,74.0
2025-10-29,maize,434.0,24.7,0.0,62.0
2025-10-30,maize,430.25,24.65,0.1,80.0
2025-10-31,maize,431.5,25.55,0.1,73.0
2025-11-01,maize,431.5,25.2,0.0,58.0
2025-11-02,maize,431.5,23.95,0.0,57.0
2025-11-03,maize,434.25,24.2,0.0,53.0
2025-11-04,maize,431.5,23.75,0.0,65.0
2025-11-05,maize,435.25,23.15,0.0,56.0
2025-11-06,maize,428.75,20.7,0.0,50.0
2025-11-07,maize,427.25,21.0,0.0,47.0
2025-11-08,maize,427.25,20.35,0.0,45.0
2025-11-09,maize,427.25,20.45,0.0,46.0
2025-11-10,maize,429.75,20.45,0.0,47.0
2025-11-11,maize,432.0,20.5,0.0,47.0
2025-11-12,maize,435.25,20.75,0.0,50.0
2025-11-13,maize,441.5,19.65,0.0,51.0
2025-11-14,maize,430.25,19.65,0.0,50.0
2025-11-15,maize,430.25,19.65,0.0,51.0
2025-11-16,maize,430.25,19.5,0.0,49.0
2025-11-17,maize,434.75,19.1,0.0,52.0
2025-11-18,maize,436.75,19.65,0.0,61.0
2025-11-19,maize,429.75,19.6,0.0,62.0
2025-11-20,maize,426.5,20.05,0.0,63.0
2025-11-21,maize,425.5,20.3,0.0,61.0
2025-11-22,maize,425.5,19.85,0.0,55.0
2025-11-23,maize,425.5,19.5,0.0,57.0
2025-11-24,maize,423.75,18.6,0.0,57.0
2025-11-25,maize,423.5,17.7,0.0,58.0
2025-11-26,maize,431.75,17.5,0.0,56.0
2025-11-27,maize,431.75,18.45,0.0,57.0
2025-11-28,maize,435.5,18.3,0.0,59.0
2025-11-29,maize,435.5,19.35,0.0,52.0
2025-11-30,maize,435.5,17.55,0.0,49.0
2025-12-01,maize,432.75,17.1,0.0,52.0
2025-12-02,maize,438.0,18.25,0.0,57.0
2025-12-03,maize,431.5,16.549999999999997,0.0,55.0
2025-12-04,maize,437.75,15.649999999999999,0.0,56.0
2025-12-05,maize,436.75,15.2,0.0,56.0
2025-12-06,maize,436.75,16.85,0.0,52.0
2025-12-07,maize,436.75,17.4,0.0,56.0
2025-12-08,maize,436.25,18.65,0.0,53.0
2025-12-09,maize,440.75,18.05,0.0,54.0
2025-12-10,maize,434.75,17.9,0.0,58.0
2025-12-11,maize,435.25,17.700000000000003,0.0,62.0
2025-12-12,maize,431.5,17.4,0.0,63.0
2025-12-13,maize,431.5,18.6,0.0,67.0
2025-12-14,maize,431.5,17.65,0.0,69.0
2025-12-15,maize,439.75,16.9,0.0,71.0
2025-12-16,maize,436.5,17.45,0.0,70.0
2025-12-17,maize,440.5,17.6,0.0,70.0
2025-12-18,maize,444.5,17.05,0.0,76.0
2025-12-19,maize,443.75,16.25,0.0,77.0
2025-12-20,maize,443.75,15.65,0.0,80.0
2025-12-21,maize,443.75,15.6,0.0,85.0
2025-12-22,maize,447.0,16.55,0.0,83.0
2025-12-23,maize,447.5,17.3,0.0,79.0
2025-12-24,maize,451.0,15.65,0.0,67.0
2025-12-25,maize,451.0,15.1,0.0,65.0
2025-12-26,maize,450.0,15.45,0.0,69.0
2025-12-27,maize,450.0,15.1,0.0,77.0
2025-12-28,maize,450.0,14.95,0.0,79.0
2025-12-29,maize,442.25,14.85,0.0,81.0
2025-12-30,maize,440.5,14.899999999999999,0.0,76.0
2025-12-31,maize,440.25,14.25,0.0,86.0
2026-01-01,maize,440.25,13.799999999999999,1.6,89.0
2026-01-02,maize,437.5,14.3,0.0,78.0
2026-01-03,maize,437.5,12.75,0.0,77.0
2026-01-04,maize,437.5,12.8,0.0,78.0
2026-01-05,maize,444.5,12.85,0.0,81.0
2026-01-06,maize,444.0,12.4,0.0,86.0
2026-01-07,maize,446.75,11.9,0.0,89.0
2026-01-08,maize,446.0,10.95,0.0,88.0
2026-01-09,maize,445.75,12.350000000000001,0.7,82.0
2026-01-10,maize,445.75,11.8,0.0,80.0
2026-01-11,maize,445.75,11.149999999999999,0.0,75.0
2026-01-12,maize,421.5,11.0,0.0,70.0
2026-01-13,maize,419.75,11.7,0.0,77.0
2026-01-14,maize,422.0,11.5,0.0,76.0
2026-01-15,maize,420.25,11.85,0.0,75.0
2026-01-16,maize,424.75,13.3,0.0,67.0
2026-01-17,maize,424.75,15.200000000000001,0.0,71.0
2026-01-18,maize,424.75,15.05,0.0,77.0
2026-01-19,maize,424.75,17.85,0.0,59.0
2026-01-20,maize,423.75,17.2,0.0,61.0
2026-01-21,maize,421.75,16.45,0.0,63.0
2026-01-22,maize,424.0,17.45,0.0,61.0
2026-01-23,maize,430.5,13.55,23.9,88.0
2026-01-24,maize,430.5,11.799999999999999,0.0,65.0
2026-01-25,maize,430.5,11.45,0.0,76.0
2026-01-26,maize,428.25,12.5,0.0,76.0
2026-01-27,maize,426.5,15.45,19.9,85.0
2026-01-28,maize,430.0,14.399999999999999,0.0,85.0
2026-01-29,maize,430.75,14.25,0.0,86.0
2026-01-30,maize,428.25,14.0,0.0,83.0
2026-01-31,maize,428.25,14.5,8.9,84.0
2026-02-01,maize,428.25,16.75,4.3,85.0
2026-02-02,maize,425.75,15.05,0.0,88.0
2026-02-03,maize,428.5,15.0,0.0,81.0
2026-02-04,maize,429.5,15.399999999999999,0.0,77.0
2026-02-05,maize,435.0,15.899999999999999,0.0,70.0
2026-02-06,maize,430.25,16.700000000000003,0.0,68.0
2026-02-07,maize,430.25,18.0,0.0,68.0
2026-02-08,maize,430.25,16.85,0.0,62.0
2026-02-09,maize,428.75,17.25,0.0,62.0
2026-02-10,maize,428.75,19.35,0.0,60.0
2026-02-11,maize,427.5,20.75,0.0,54.0
2026-02-12,maize,431.25,18.95,0.0,54.0
2026-02-13,maize,431.75,19.1,0.0,53.0
2026-02-14,maize,431.75,19.7,0.0,53.0
2026-02-15,maize,431.75,20.75,0.0,50.0
2026-02-16,maize,431.75,21.7,0.0,53.0
2026-02-17,maize,426.25,22.55,0.0,56.0
2026-02-18,maize,427.0,19.0,0.9,76.0
2026-02-19,maize,425.75,20.1,0.0,66.0
2026-02-20,maize,427.5,21.45,0.0,61.0
2026-02-21,maize,427.5,21.0,0.0,63.0
2026-02-22,maize,427.5,21.549999999999997,0.0,55.0
2026-02-23,maize,427.5,22.1,0.0,52.0
2026-02-24,maize,427.75,22.75,0.0,52.0
2026-02-25,maize,430.5,21.95,0.0,46.0
2026-02-26,maize,433.25,22.55,0.0,44.0
2026-02-27,maize,438.75,23.4,0.0,42.0
2026-02-28,maize,438.75,24.9,0.0,42.0
2026-03-01,maize,438.75,23.85,0.0,44.0
2026-03-02,maize,433.25,23.950000000000003,0.0,43.0
2026-03-03,maize,434.25,24.549999999999997,0.0,42.0
2026-03-04,maize,431.75,25.700000000000003,0.0,45.0
2026-03-05,maize,441.5,27.4,0.0,45.0
2026-03-06,maize,447.0,27.0,0.0,50.0
2026-03-07,maize,447.0,27.650000000000002,0.0,52.0
2026-03-08,maize,447.0,28.299999999999997,0.0,45.0
2026-03-09,maize,437.5,28.1,0.0,52.0
2026-03-10,maize,436.25,28.8,0.0,49.0
2026-03-11,maize,444.25,28.4,0.0,36.0
2026-03-12,maize,448.25,28.5,0.0,36.0
2026-03-13,maize,452.5,27.05,0.0,42.0
2026-03-14,maize,452.5,25.7,1.7,38.0
2026-03-15,maize,452.5,22.6,0.9,57.0
2026-03-16,maize,454.0,24.1,0.3,51.0
2026-03-17,maize,454.0,24.45,0.0,50.0
2026-03-18,maize,463.25,25.75,3.9,55.0
2026-03-19,maize,469.75,22.05,3.2,72.0
2026-03-20,maize,465.5,17.700000000000003,2.8,88.0
2026-03-21,maize,465.5,20.25,0.0,73.0
2026-03-22,maize,465.5,21.55,0.4,65.0
2026-03-23,maize,459.5,22.4,9.2,73.0
2026-03-24,maize,462.5,23.65,0.0,60.0
2026-03-25,maize,467.25,24.65,0.0,48.0
2026-03-26,maize,467.0,27.9,0.0,43.0
2026-03-27,maize,462.0,25.05,0.6,50.0
2026-03-28,maize,462.0,26.95,0.0,43.0
2026-03-29,maize,462.0,28.75,0.0,48.0
2026-03-30,maize,455.75,28.150000000000002,0.2,52.0
2026-03-31,maize,457.75,27.45,0.3,54.0
2026-04-01,maize,454.25,26.3,0.0,50.0
2026-04-02,maize,452.25,27.950000000000003,0.0,46.0
2026-04-03,maize,452.25,26.55,0.4,58.0
2026-04-04,maize,452.25,25.05,2.3,63.0
2026-04-05,maize,452.25,24.549999999999997,0.9,53.0
2026-04-06,maize,454.0,26.4,0.0,38.0
2026-04-07,maize,449.0,22.9,9.3,65.0
2026-04-08,maize,447.25,21.15,3.2,72.0
2026-04-09,maize,444.0,22.3,0.0,57.0
2026-04-10,maize,441.0,24.6,0.0,37.0
2026-04-11,maize,441.0,27.25,0.0,33.0
2026-04-12,maize,441.0,28.35,0.0,29.0
2026-04-13,maize,440.25,28.15,0.0,28.0
2026-04-14,maize,443.0,30.25,0.0,24.0
2026-04-15,maize,451.25,31.150000000000002,0.0,21.0
2026-04-16,maize,448.5,33.25,0.0,22.0
2026-04-17,maize,448.75,32.7,0.0,27.0
2026-04-18,maize,448.75,32.6,0.0,26.0
2026-04-19,maize,448.75,33.05,0.0,22.0
2026-04-20,maize,452.0,32.75,0.0,19.0
2026-04-21,maize,453.75,32.35,0.0,20.0
2026-04-22,maize,454.25,33.15,0.0,20.0
2026-04-23,maize,455.5,34.650000000000006,0.0,19.0
2026-04-24,maize,455.0,34.75,0.0,23.0
2026-04-25,maize,455.0,35.6,0.0,22.0
2026-04-26,maize,455.0,35.0,0.0,24.0
2026-04-27,maize,460.75,35.6,0.0,22.0
2026-04-28,maize,465.25,32.5,0.0,34.0
2026-04-29,maize,466.5,31.95,0.0,37.0
2026-04-30,maize,464.75,30.400000000000002,0.9,44.0
2026-05-01,maize,468.25,29.9,0.0,47.0
2026-05-02,maize,468.25,32.5,0.0,39.0
2024-05-02,rice,1817.0,27.15,0.0,26.0
2024-05-03,rice,1874.0,29.35,0.0,21.0
2024-05-04,rice,1874.0,33.0,0.0,19.0
2024-05-05,rice,1874.0,32.95,0.0,20.0
2024-05-06,rice,1840.5,33.3,0.0,22.0
2024-05-07,rice,1829.5,34.45,0.0,28.0
2024-05-08,rice,1831.5,33.25,0.0,39.0
2024-05-09,rice,1868.5,32.9,0.0,36.0
2024-05-10,rice,1925.5,32.75,1.1,47.0
2024-05-11,rice,1925.5,32.4,0.1,40.0
2024-05-12,rice,1925.5,32.65,0.1,36.0
2024-05-13,rice,1870.5,32.65,0.0,26.0
2024-05-14,rice,1871.5,32.6,0.0,21.0
2024-05-15,rice,1911.0,33.8,0.0,18.0
2024-05-16,rice,1910.0,34.6,0.0,19.0
2024-05-17,rice,1875.5,36.0,0.0,19.0
2024-05-18,rice,1875.5,35.5,0.0,18.0
2024-05-19,rice,1875.5,36.25,0.0,17.0
2024-05-20,rice,1885.0,36.35,0.0,19.0
2024-05-21,rice,1859.0,35.85,0.0,30.0
2024-05-22,rice,1875.0,35.45,0.3,37.0
2024-05-23,rice,1848.5,35.75,0.0,36.0
2024-05-24,rice,1834.0,35.599999999999994,0.0,35.0
2024-05-25,rice,1834.0,37.25,0.0,24.0
2024-05-26,rice,1834.0,37.75,0.0,17.0
2024-05-27,rice,1834.0,37.6,0.0,17.0
2024-05-28,rice,1809.0,37.349999999999994,0.0,13.0
2024-05-29,rice,1784.0,39.3,0.0,18.0
2024-05-30,rice,1783.0,37.65,0.0,14.0
2024-05-31,rice,1767.0,37.15,0.0,13.0
2024-06-01,rice,1767.0,37.65,0.0,20.0
2024-06-02,rice,1767.0,35.7,0.0,26.0
2024-06-03,rice,1750.0,36.95,0.0,21.0
2024-06-04,rice,1757.5,36.6,0.0,19.0
2024-06-05,rice,1741.5,36.6,0.0,25.0
2024-06-06,rice,1826.0,34.45,0.0,30.0
2024-06-07,rice,1817.0,35.55,0.0,29.0
2024-06-08,rice,1817.0,34.25,0.0,27.0
2024-06-09,rice,1817.0,35.25,0.0,20.0
2024-06-10,rice,1772.0,35.45,0.0,18.0
2024-06-11,rice,1754.5,36.05,0.0,19.0
2024-06-12,rice,1822.5,36.45,0.0,17.0
2024-06-13,rice,1854.5,37.2,0.0,21.0
2024-06-14,rice,1818.5,38.05,0.0,29.0
2024-06-15,rice,1818.5,37.75,0.0,26.0
2024-06-16,rice,1818.5,38.4,0.0,24.0
2024-06-17,rice,17.684999465942383,38.85,0.0,25.0
2024-06-18,rice,1816.0,39.35,0.0,26.0
2024-06-19,rice,1816.0,37.15,0.8,36.0
2024-06-20,rice,1799.5,32.35,6.7,49.0
2024-06-21,rice,1820.0,31.8,0.3,54.0
2024-06-22,rice,1820.0,34.2,0.0,51.0
2024-06-23,rice,1820.0,34.8,0.3,51.0
2024-06-24,rice,1851.5,34.7,1.7,56.0
2024-06-25,rice,1861.0,32.1,13.5,64.0
2024-06-26,rice,1780.0,29.9,20.9,75.0
2024-06-27,rice,1675.5,27.9,9.9,85.0
2024-06-28,rice,1696.5,28.05,15.4,85.0
2024-06-29,rice,1696.5,29.7,20.5,79.0
2024-06-30,rice,1696.5,30.4,20.4,77.0
2024-07-01,rice,1695.5,30.0,13.0,78.0
2024-07-02,rice,1692.0,29.8,3.2,85.0
2024-07-03,rice,1693.0,29.4,1.9,83.0
2024-07-04,rice,1693.0,28.55,7.2,82.0
2024-07-05,rice,1693.5,28.2,0.7,84.0
2024-07-06,rice,1693.5,29.3,1.0,81.0
2024-07-07,rice,1693.5,29.35,0.1,75.0
2024-07-08,rice,1706.5,29.5,0.0,76.0
2024-07-09,rice,1710.5,29.25,4.9,80.0
2024-07-10,rice,1720.5,30.3,11.3,79.0
2024-07-11,rice,1755.0,31.549999999999997,3.9,75.0
2024-07-12,rice,1955.0,31.1,0.5,76.0
2024-07-13,rice,1955.0,29.650000000000002,12.4,77.0
2024-07-14,rice,1955.0,30.15,1.4,71.0
2024-07-15,rice,1470.0,29.450000000000003,17.6,77.0
2024-07-16,rice,1440.5,29.900000000000002,1.4,76.0
2024-07-17,rice,1443.0,31.3,1.2,76.0
2024-07-18,rice,1429.0,31.1,1.3,77.0
2024-07-19,rice,1424.0,30.799999999999997,0.5,77.0
2024-07-20,rice,1424.0,31.0,0.2,75.0
2024-07-21,rice,1424.0,31.0,5.9,78.0
2024-07-22,rice,1460.0,31.200000000000003,1.0,78.0
2024-07-23,rice,1473.0,30.65,8.6,81.0
2024-07-24,rice,1479.0,30.05,2.7,81.0
2024-07-25,rice,1501.0,30.950000000000003,0.8,76.0
2024-07-26,rice,1523.5,30.2,9.9,82.0
2024-07-27,rice,1523.5,31.0,4.5,81.0
2024-07-28,rice,1523.5,31.8,6.0,75.0
2024-07-29,rice,1521.0,32.0,0.3,72.0
2024-07-30,rice,1523.5,32.6,0.2,70.0
2024-07-31,rice,1525.0,31.75,144.6,81.0
2024-08-01,rice,1507.0,28.35,6.3,84.0
2024-08-02,rice,1494.5,28.85,2.9,83.0
2024-08-03,rice,1494.5,29.2,1.7,81.0
2024-08-04,rice,1494.5,30.15,0.5,74.0
2024-08-05,rice,1527.5,29.5,0.8,77.0
2024-08-06,rice,1520.0,29.1,0.2,76.0
2024-08-07,rice,1515.5,27.75,19.9,89.0
2024-08-08,rice,1499.5,28.5,11.9,87.0
2024-08-09,rice,1483.5,28.35,33.3,87.0
2024-08-10,rice,1483.5,28.1,9.6,87.0
2024-08-11,rice,1483.5,28.25,11.9,89.0
2024-08-12,rice,1453.5,27.6,10.3,91.0
2024-08-13,rice,1479.0,28.0,9.1,90.0
2024-08-14,rice,1498.0,28.3,7.8,89.0
2024-08-15,rice,1470.5,28.85,11.8,87.0
2024-08-16,rice,1457.5,28.95,14.1,88.0
2024-08-17,rice,1457.5,28.799999999999997,7.7,85.0
2024-08-18,rice,1457.5,29.450000000000003,3.0,82.0
2024-08-19,rice,1489.0,29.400000000000002,0.9,82.0
2024-08-20,rice,1496.0,28.450000000000003,7.8,86.0
2024-08-21,rice,1479.0,28.35,7.0,86.0
2024-08-22,rice,1491.5,28.849999999999998,1.9,86.0
2024-08-23,rice,1500.5,27.799999999999997,1.2,86.0
2024-08-24,rice,1500.5,28.2,21.5,84.0
2024-08-25,rice,1500.5,28.650000000000002,2.2,78.0
2024-08-26,rice,1509.0,27.9,4.2,84.0
2024-08-27,rice,1532.0,27.65,12.0,86.0
2024-08-28,rice,1513.0,27.2,14.9,87.0
2024-08-29,rice,1504.0,27.65,11.2,87.0
2024-08-30,rice,1501.5,28.1,7.5,88.0
2024-08-31,rice,1501.5,29.45,0.0,78.0
2024-09-01,rice,1501.5,29.5,0.9,77.0
2024-09-02,rice,1501.5,28.3,10.9,83.0
2024-09-03,rice,1512.0,28.0,17.8,88.0
2024-09-04,rice,1535.5,27.6,0.9,86.0
2024-09-05,rice,1548.0,27.85,7.2,84.0
2024-09-06,rice,1530.0,27.3,18.4,89.0
2024-09-07,rice,1530.0,27.25,22.5,87.0
2024-09-08,rice,1530.0,27.85,7.2,87.0
2024-09-09,rice,1494.0,28.900000000000002,5.6,82.0
2024-09-10,rice,1512.0,27.75,9.6,89.0
2024-09-11,rice,1535.5,28.3,44.0,88.0
2024-09-12,rice,1549.5,24.7,114.1,92.0
2024-09-13,rice,1549.5,26.55,24.5,90.0
2024-09-14,rice,1549.5,26.2,4.3,84.0
2024-09-15,rice,1549.5,26.85,0.1,77.0
2024-09-16,rice,1530.0,27.9,0.0,73.0
2024-09-17,rice,1534.5,27.75,0.0,75.0
2024-09-18,rice,1546.5,25.25,65.4,87.0
2024-09-19,rice,1552.0,26.4,1.0,86.0
2024-09-20,rice,1555.5,27.5,0.0,79.0
2024-09-21,rice,1555.5,28.3,0.2,78.0
2024-09-22,rice,1555.5,29.1,0.0,79.0
2024-09-23,rice,1554.5,29.15,0.0,78.0
2024-09-24,rice,1526.0,29.35,0.0,77.0
2024-09-25,rice,1502.5,29.2,0.4,82.0
2024-09-26,rice,1492.5,28.25,0.4,81.0
2024-09-27,rice,1508.0,27.0,0.8,80.0
2024-09-28,rice,1508.0,26.7,0.0,82.0
2024-09-29,rice,1508.0,26.6,0.3,82.0
2024-09-30,rice,1529.5,28.1,0.0,78.0
2024-10-01,rice,1530.0,28.6,0.0,76.0
2024-10-02,rice,1516.5,29.55,0.0,70.0
2024-10-03,rice,1517.0,29.15,0.0,66.0
2024-10-04,rice,1509.5,28.65,0.0,68.0
2024-10-05,rice,1509.5,28.85,0.0,64.0
2024-10-06,rice,1509.5,27.7,0.0,68.0
2024-10-07,rice,1511.5,27.099999999999998,0.0,72.0
2024-10-08,rice,1513.5,26.75,0.0,68.0
2024-10-09,rice,1516.5,26.35,0.0,65.0
2024-10-10,rice,1506.5,25.849999999999998,0.0,58.0
2024-10-11,rice,1499.5,25.3,0.0,59.0
2024-10-12,rice,1499.5,25.55,0.0,60.0
2024-10-13,rice,1499.5,25.85,0.0,56.0
2024-10-14,rice,1510.5,25.85,0.0,55.0
2024-10-15,rice,1504.0,25.65,0.0,58.0
2024-10-16,rice,1507.0,25.95,0.0,58.0
2024-10-17,rice,1499.5,26.65,0.0,65.0
2024-10-18,rice,1500.0,26.7,0.0,64.0
2024-10-19,rice,1500.0,27.3,0.0,63.0
2024-10-20,rice,1500.0,26.6,0.0,70.0
2024-10-21,rice,1509.0,26.15,0.0,70.0
2024-10-22,rice,1512.5,25.75,0.0,67.0
2024-10-23,rice,1510.5,26.05,0.0,59.0
2024-10-24,rice,1504.0,26.05,0.0,60.0
2024-10-25,rice,1508.0,25.5,0.0,63.0
2024-10-26,rice,1508.0,25.25,0.0,68.0
2024-10-27,rice,1508.0,25.7,0.0,74.0
2024-10-28,rice,1507.5,26.049999999999997,0.0,71.0
2024-10-29,rice,1494.0,26.7,0.0,69.0
2024-10-30,rice,1457.5,27.7,0.0,65.0
2024-10-31,rice,1469.5,26.4,0.0,58.0
2024-11-01,rice,1482.5,25.6,0.0,53.0
2024-11-02,rice,1482.5,24.7,0.0,56.0
2024-11-03,rice,1482.5,24.700000000000003,0.0,54.0
2024-11-04,rice,1471.0,23.95,0.0,65.0
2024-11-05,rice,1447.0,23.75,0.0,69.0
2024-11-06,rice,1446.0,24.1,0.0,68.0
2024-11-07,rice,1440.0,24.55,0.0,66.0
2024-11-08,rice,1436.0,24.7,0.0,68.0
2024-11-09,rice,1436.0,25.0,0.0,67.0
2024-11-10,rice,1436.0,24.450000000000003,0.0,71.0
2024-11-11,rice,1455.0,24.15,0.0,74.0
2024-11-12,rice,1481.0,25.05,0.0,54.0
2024-11-13,rice,1494.0,24.4,0.0,59.0
2024-11-14,rice,1467.5,24.5,0.0,53.0
2024-11-15,rice,1504.5,23.7,0.0,53.0
2024-11-16,rice,1504.5,23.15,0.0,55.0
2024-11-17,rice,1504.5,22.6,0.0,59.0
2024-11-18,rice,1516.5,21.15,0.0,59.0
2024-11-19,rice,1509.5,20.049999999999997,0.0,50.0
2024-11-20,rice,1512.0,19.75,0.0,50.0
2024-11-21,rice,1517.0,19.7,0.0,51.0
2024-11-22,rice,1514.5,20.05,0.0,55.0
2024-11-23,rice,1514.5,20.8,0.0,49.0
2024-11-24,rice,1514.5,21.6,0.0,49.0
2024-11-25,rice,1493.5,20.5,0.0,59.0
2024-11-26,rice,1512.5,19.7,0.0,54.0
2024-11-27,rice,1517.0,19.8,0.0,48.0
2024-11-28,rice,1517.0,19.15,0.0,53.0
2024-11-29,rice,1521.5,18.45,0.0,60.0
2024-11-30,rice,1521.5,18.65,0.0,61.0
2024-12-01,rice,1521.5,19.4,0.0,61.0
2024-12-02,rice,1529.0,19.55,0.0,57.0
2024-12-03,rice,1529.5,20.0,0.0,53.0
2024-12-04,rice,1514.0,19.8,0.0,50.0
2024-12-05,rice,1515.5,17.75,0.0,43.0
2024-12-06,rice,1508.5,17.4,0.0,47.0
2024-12-07,rice,1508.5,16.35,0.0,47.0
2024-12-08,rice,1508.5,16.6,1.5,60.0
2024-12-09,rice,1511.0,15.3,0.0,63.0
2024-12-10,rice,1509.0,14.9,0.0,49.0
2024-12-11,rice,1503.5,14.15,0.0,49.0
2024-12-12,rice,1500.5,14.1,0.0,51.0
2024-12-13,rice,1498.0,14.9,0.0,45.0
2024-12-14,rice,1498.0,14.600000000000001,0.0,47.0
2024-12-15,rice,1498.0,14.15,0.0,56.0
2024-12-16,rice,1495.0,14.0,0.0,70.0
2024-12-17,rice,1498.0,14.15,0.0,72.0
2024-12-18,rice,1481.5,14.25,0.0,69.0
2024-12-19,rice,1441.0,14.4,0.0,61.0
2024-12-20,rice,1407.5,16.7,0.0,64.0
2024-12-21,rice,1407.5,15.65,0.0,62.0
2024-12-22,rice,1407.5,16.45,0.0,59.0
2024-12-23,rice,1401.0,14.600000000000001,1.4,71.0
2024-12-24,rice,1405.0,14.9,0.5,79.0
2024-12-25,rice,1405.0,15.55,0.0,77.0
2024-12-26,rice,1391.5,16.2,0.0,64.0
2024-12-27,rice,1376.0,14.9,30.5,89.0
2024-12-28,rice,1376.0,14.45,4.0,90.0
2024-12-29,rice,1376.0,14.05,0.0,86.0
2024-12-30,rice,1361.0,13.2,0.0,88.0
2024-12-31,rice,1402.5,11.75,0.0,89.0
2025-01-01,rice,1402.5,12.3,0.0,88.0
2025-01-02,rice,1404.5,13.45,0.0,85.0
2025-01-03,rice,1384.0,14.0,0.0,86.0
2025-01-04,rice,1384.0,14.850000000000001,0.0,89.0
2025-01-05,rice,1384.0,13.450000000000001,0.0,90.0
2025-01-06,rice,1385.0,13.5,4.9,88.0
2025-01-07,rice,1384.0,13.35,0.0,87.0
2025-01-08,rice,1403.5,13.25,0.0,74.0
2025-01-09,rice,1427.0,13.25,0.0,78.0
2025-01-10,rice,1437.0,12.85,0.0,85.0
2025-01-11,rice,1437.0,12.350000000000001,3.9,87.0
2025-01-12,rice,1437.0,13.7,0.1,88.0
2025-01-13,rice,1437.0,14.05,0.0,85.0
2025-01-14,rice,1453.5,13.399999999999999,0.0,83.0
2025-01-15,rice,1483.0,13.75,2.9,87.0
2025-01-16,rice,1464.0,14.15,0.7,83.0
2025-01-17,rice,1480.5,13.35,0.0,82.0
2025-01-18,rice,1480.5,12.8,0.0,87.0
2025-01-19,rice,1480.5,15.1,0.0,84.0
2025-01-20,rice,1480.5,16.799999999999997,0.0,83.0
2025-01-21,rice,1499.0,16.5,0.0,78.0
2025-01-22,rice,1482.0,16.6,1.6,74.0
2025-01-23,rice,1485.0,16.5,0.0,69.0
2025-01-24,rice,1467.5,15.5,0.0,67.0
2025-01-25,rice,1467.5,14.9,0.0,62.0
2025-01-26,rice,1467.5,14.55,0.0,63.0
2025-01-27,rice,1447.5,14.65,0.0,60.0
2025-01-28,rice,1420.0,15.399999999999999,0.0,61.0
2025-01-29,rice,1413.0,17.1,0.0,63.0
2025-01-30,rice,1393.5,18.05,0.0,68.0
2025-01-31,rice,1384.5,19.15,0.0,63.0
2025-02-01,rice,1384.5,19.1,0.0,65.0
2025-02-02,rice,1384.5,17.450000000000003,0.0,70.0
2025-02-03,rice,1373.0,16.8,2.2,64.0
2025-02-04,rice,1355.0,17.9,0.5,74.0
2025-02-05,rice,1350.0,16.65,0.0,61.0
2025-02-06,rice,1365.0,16.15,0.0,52.0
2025-02-07,rice,1371.5,15.7,0.0,51.0
2025-02-08,rice,1371.5,17.2,0.0,55.0
2025-02-09,rice,1371.5,17.950000000000003,0.0,61.0
2025-02-10,rice,1393.0,19.35,0.0,59.0
2025-02-11,rice,1397.5,20.049999999999997,0.0,58.0
2025-02-12,rice,1381.0,19.4,0.0,47.0
2025-02-13,rice,1404.0,18.5,0.0,46.0
2025-02-14,rice,1401.5,18.450000000000003,0.0,45.0
2025-02-15,rice,1401.5,19.3,0.0,46.0
2025-02-16,rice,1401.5,20.0,0.0,55.0
2025-02-17,rice,1401.5,22.5,0.0,50.0
2025-02-18,rice,1401.0,20.75,0.0,53.0
2025-02-19,rice,1399.5,20.55,3.6,54.0
2025-02-20,rice,1395.5,18.9,4.9,72.0
2025-02-21,rice,1360.0,19.35,0.0,70.0
2025-02-22,rice,1360.0,18.7,0.0,65.0
2025-02-23,rice,1360.0,19.1,0.0,60.0
2025-02-24,rice,1344.5,20.1,0.0,57.0
2025-02-25,rice,1345.5,21.25,0.0,52.0
2025-02-26,rice,1322.0,24.05,0.0,55.0
2025-02-27,rice,1328.0,21.2,1.0,69.0
2025-02-28,rice,1328.5,19.549999999999997,3.3,78.0
2025-03-01,rice,1328.5,19.75,7.7,81.0
2025-03-02,rice,1328.5,18.75,0.0,64.0
2025-03-03,rice,1334.5,19.85,0.0,60.0
2025-03-04,rice,1328.0,18.85,0.0,57.0
2025-03-05,rice,1306.0,17.7,0.0,42.0
2025-03-06,rice,1289.0,19.65,0.0,44.0
2025-03-07,rice,1324.5,20.45,0.0,43.0
2025-03-08,rice,1324.5,22.35,0.0,44.0
2025-03-09,rice,1324.5,24.3,0.0,43.0
2025-03-10,rice,1368.0,25.3,0.0,46.0
2025-03-11,rice,1375.0,26.9,0.0,48.0
2025-03-12,rice,1354.0,26.35,0.0,47.0
2025-03-13,rice,1352.5,25.75,5.9,55.0
2025-03-14,rice,1342.5,26.1,0.1,51.0
2025-03-15,rice,1342.5,24.3,0.4,56.0
2025-03-16,rice,1342.5,23.799999999999997,0.1,44.0
2025-03-17,rice,1348.0,22.85,0.0,45.0
2025-03-18,rice,1353.0,23.45,0.0,42.0
2025-03-19,rice,1327.5,25.0,0.0,35.0
2025-03-20,rice,1331.0,26.0,0.0,32.0
2025-03-21,rice,1342.0,25.3,0.0,33.0
2025-03-22,rice,1342.0,24.65,0.0,35.0
2025-03-23,rice,1342.0,25.6,0.0,32.0
2025-03-24,rice,1336.5,26.9,0.0,33.0
2025-03-25,rice,1318.5,28.65,0.0,31.0
2025-03-26,rice,1318.0,29.85,0.0,27.0
2025-03-27,rice,1346.5,29.450000000000003,0.0,28.0
2025-03-28,rice,1351.5,24.45,0.0,21.0
2025-03-29,rice,1351.5,22.5,0.0,23.0
2025-03-30,rice,1351.5,24.5,0.0,22.0
2025-03-31,rice,1357.0,25.65,0.0,21.0
2025-04-01,rice,1330.0,26.15,0.0,22.0
2025-04-02,rice,1322.5,27.150000000000002,0.0,22.0
2025-04-03,rice,1307.5,28.9,0.0,17.0
2025-04-04,rice,1307.5,29.3,0.0,18.0
2025-04-05,rice,1307.5,28.6,0.0,22.0
2025-04-06,rice,1307.5,30.0,0.0,21.0
2025-04-07,rice,1332.0,32.15,0.0,23.0
2025-04-08,rice,1351.0,32.55,0.0,22.0
2025-04-09,rice,1355.0,33.35,0.0,27.0
2025-04-10,rice,1324.5,32.15,1.4,36.0
2025-04-11,rice,1350.5,27.400000000000002,8.1,65.0
2025-04-12,rice,1350.5,27.65,1.1,55.0
2025-04-13,rice,1350.5,28.15,0.0,45.0
2025-04-14,rice,1371.0,28.9,0.0,39.0
2025-04-15,rice,1373.0,30.6,0.0,38.0
2025-04-16,rice,1340.0,31.85,0.0,32.0
2025-04-17,rice,1347.0,33.35,0.0,34.0
2025-04-18,rice,1347.0,33.25,0.0,40.0
2025-04-19,rice,1347.0,33.65,0.0,42.0
2025-04-20,rice,1347.0,33.5,0.0,35.0
2025-04-21,rice,1354.5,32.65,0.0,17.0
2025-04-22,rice,1330.5,31.95,0.0,10.0
2025-04-23,rice,1320.5,31.5,0.0,12.0
2025-04-24,rice,1311.0,32.349999999999994,0.0,12.0
2025-04-25,rice,1293.5,33.4,0.0,12.0
2025-04-26,rice,1293.5,33.75,0.0,14.0
2025-04-27,rice,1293.5,33.65,0.0,14.0
2025-04-28,rice,1251.0,33.45,0.0,23.0
2025-04-29,rice,1247.5,31.25,0.0,36.0
2025-04-30,rice,1294.5,31.5,0.0,37.0
2025-05-01,rice,1280.5,31.7,0.0,37.0
2025-05-02,rice,1261.5,25.1,12.4,69.0
2025-05-03,rice,1261.5,29.65,3.4,52.0
2025-05-04,rice,1261.5,29.599999999999998,2.0,52.0
2025-05-05,rice,1244.5,29.05,0.1,61.0
2025-05-06,rice,1260.0,28.299999999999997,0.4,60.0
2025-05-07,rice,1271.5,28.400000000000002,0.5,64.0
2025-05-08,rice,1247.5,28.099999999999998,2.7,58.0
2025-05-09,rice,1240.5,31.0,1.1,47.0
2025-05-10,rice,1240.5,31.3,1.5,56.0
2025-05-11,rice,1240.5,31.650000000000002,0.0,44.0
2025-05-12,rice,1231.5,32.5,0.0,31.0
2025-05-13,rice,1202.5,34.7,0.0,23.0
2025-05-14,rice,1246.5,34.85,0.0,22.0
2025-05-15,rice,1291.0,35.599999999999994,0.0,20.0
2025-05-16,rice,1281.5,35.75,0.0,28.0
2025-05-17,rice,1281.5,36.0,0.0,27.0
2025-05-18,rice,1281.5,35.45,0.0,36.0
2025-05-19,rice,1269.0,35.05,0.0,46.0
2025-05-20,rice,1270.0,35.25,0.0,45.0
2025-05-21,rice,1316.0,36.05,0.0,46.0
2025-05-22,rice,1291.5,31.0,0.0,56.0
2025-05-23,rice,1317.0,32.3,1.5,50.0
2025-05-24,rice,1317.0,33.1,0.4,48.0
2025-05-25,rice,1317.0,27.05,1.8,72.0
2025-05-26,rice,1317.0,29.900000000000002,0.4,64.0
2025-05-27,rice,1332.5,31.1,0.0,60.0
2025-05-28,rice,1349.5,33.45,0.0,56.0
2025-05-29,rice,1335.5,33.75,0.3,47.0
2025-05-30,rice,1349.5,31.1,0.0,51.0
2025-05-31,rice,1349.5,32.95,1.0,46.0
2025-06-01,rice,1349.5,31.15,4.2,49.0
2025-06-02,rice,1337.5,30.55,0.3,47.0
2025-06-03,rice,1317.5,29.55,0.0,50.0
2025-06-04,rice,1349.5,30.45,0.3,54.0
2025-06-05,rice,1361.5,30.8,0.0,44.0
2025-06-06,rice,1365.0,31.849999999999998,0.0,40.0
2025-06-07,rice,1365.0,34.6,0.0,37.0
2025-06-08,rice,1365.0,36.15,0.0,34.0
2025-06-09,rice,1362.0,36.85,0.0,25.0
2025-06-10,rice,1371.5,36.5,0.0,24.0
2025-06-11,rice,1367.0,36.8,0.0,37.0
2025-06-12,rice,1373.5,37.1,0.5,44.0
2025-06-13,rice,1377.0,36.05,0.0,50.0
2025-06-14,rice,1377.0,36.65,0.3,44.0
2025-06-15,rice,1377.0,33.45,1.3,59.0
2025-06-16,rice,1342.0,28.4,36.1,85.0
2025-06-17,rice,1353.0,28.85,11.1,81.0
2025-06-18,rice,1356.0,28.6,0.6,77.0
2025-06-19,rice,1356.0,29.1,0.2,78.0
2025-06-20,rice,1353.0,28.55,1.1,84.0
2025-06-21,rice,1353.0,30.450000000000003,1.6,76.0
2025-06-22,rice,1353.0,30.9,0.8,75.0
2025-06-23,rice,1341.0,31.6,0.1,74.0
2025-06-24,rice,1356.0,31.3,12.4,75.0
2025-06-25,rice,1326.0,29.05,9.4,85.0
2025-06-26,rice,1304.0,30.4,3.7,75.0
2025-06-27,rice,1310.5,29.650000000000002,8.2,77.0
2025-06-28,rice,1310.5,30.7,12.2,75.0
2025-06-29,rice,1310.5,29.349999999999998,5.0,78.0
2025-06-30,rice,1295.5,28.45,17.1,89.0
2025-07-01,rice,1266.0,29.1,8.9,82.0
2025-07-02,rice,1261.5,30.05,1.2,81.0
2025-07-03,rice,1261.0,30.0,0.8,78.0
2025-07-04,rice,1261.0,30.35,2.9,79.0
2025-07-05,rice,1261.0,30.85,1.3,76.0
2025-07-06,rice,1261.0,30.950000000000003,9.2,75.0
2025-07-07,rice,1241.5,29.55,11.2,82.0
2025-07-08,rice,1268.0,30.5,0.2,75.0
2025-07-09,rice,1279.5,28.9,16.6,84.0
2025-07-10,rice,1258.0,27.55,1.7,86.0
2025-07-11,rice,1244.5,28.55,0.4,81.0
2025-07-12,rice,1244.5,29.9,2.7,80.0
2025-07-13,rice,1244.5,29.35,18.6,86.0
2025-07-14,rice,1237.5,28.0,18.4,86.0
2025-07-15,rice,1266.5,28.75,14.2,85.0
2025-07-16,rice,1266.0,28.75,0.5,82.0
2025-07-17,rice,1252.0,28.75,1.5,82.0
2025-07-18,rice,1236.5,28.75,4.0,80.0
2025-07-19,rice,1236.5,29.0,0.0,76.0
2025-07-20,rice,1236.5,30.150000000000002,0.0,72.0
2025-07-21,rice,1232.0,28.8,0.4,80.0
2025-07-22,rice,1238.0,30.4,0.2,73.0
2025-07-23,rice,1253.5,29.85,2.0,79.0
2025-07-24,rice,1254.5,30.45,0.7,71.0
2025-07-25,rice,1261.5,31.4,0.5,68.0
2025-07-26,rice,1261.5,31.099999999999998,2.3,74.0
2025-07-27,rice,1261.5,32.3,0.9,67.0
2025-07-28,rice,1247.0,32.0,1.6,69.0
2025-07-29,rice,1238.5,29.599999999999998,3.8,83.0
2025-07-30,rice,1235.5,28.4,29.9,89.0
2025-07-31,rice,1228.0,28.45,16.2,87.0
2025-08-01,rice,1225.0,28.75,5.9,84.0
2025-08-02,rice,1225.0,29.2,0.9,78.0
2025-08-03,rice,1225.0,29.55,0.8,78.0
2025-08-04,rice,1228.0,28.65,0.0,81.0
2025-08-05,rice,1252.5,28.15,8.3,85.0
2025-08-06,rice,1251.5,29.1,0.5,79.0
2025-08-07,rice,1270.5,29.95,0.0,70.0
2025-08-08,rice,1272.0,29.7,0.0,73.0
2025-08-09,rice,1272.0,28.2,9.0,85.0
2025-08-10,rice,1272.0,29.0,1.6,81.0
2025-08-11,rice,1297.0,30.15,1.9,79.0
2025-08-12,rice,1278.0,29.75,3.6,79.0
2025-08-13,rice,1278.5,30.099999999999998,0.0,73.0
2025-08-14,rice,1278.0,27.5,8.2,90.0
2025-08-15,rice,1270.0,28.4,4.6,86.0
2025-08-16,rice,1270.0,28.75,4.2,86.0
2025-08-17,rice,1270.0,29.65,3.5,86.0
2025-08-18,rice,1258.5,29.3,9.0,83.0
2025-08-19,rice,1251.0,29.25,5.4,82.0
2025-08-20,rice,1205.5,29.200000000000003,17.6,80.0
2025-08-21,rice,1173.5,29.5,4.0,78.0
2025-08-22,rice,1152.5,29.700000000000003,6.7,76.0
2025-08-23,rice,1152.5,29.1,7.6,85.0
2025-08-24,rice,1152.5,27.75,19.1,87.0
2025-08-25,rice,1167.0,26.75,14.7,90.0
2025-08-26,rice,1186.5,27.5,4.4,89.0
2025-08-27,rice,1152.5,28.8,3.8,86.0
2025-08-28,rice,1152.0,28.7,24.1,86.0
2025-08-29,rice,1179.0,28.2,1.6,87.0
2025-08-30,rice,1179.0,28.450000000000003,3.8,84.0
2025-08-31,rice,1179.0,27.0,25.1,91.0
2025-09-01,rice,1179.0,26.5,29.3,93.0
2025-09-02,rice,1168.5,25.45,11.9,93.0
2025-09-03,rice,1175.0,26.7,16.6,89.0
2025-09-04,rice,1161.5,27.799999999999997,16.5,86.0
2025-09-05,rice,1158.0,27.75,12.9,85.0
2025-09-06,rice,1158.0,27.9,5.7,85.0
2025-09-07,rice,1158.0,28.35,1.1,86.0
2025-09-08,rice,1134.5,28.55,0.7,79.0
2025-09-09,rice,1134.5,29.049999999999997,0.4,75.0
2025-09-10,rice,1132.5,29.1,0.0,72.0
2025-09-11,rice,1137.5,28.75,0.0,69.0
2025-09-12,rice,1122.5,29.05,0.2,67.0
2025-09-13,rice,1122.5,30.700000000000003,0.9,59.0
2025-09-14,rice,1122.5,31.75,0.2,57.0
2025-09-15,rice,1153.0,31.85,0.0,53.0
2025-09-16,rice,1174.0,31.849999999999998,0.1,58.0
2025-09-17,rice,1159.0,30.9,0.2,63.0
2025-09-18,rice,1152.0,29.95,1.6,66.0
2025-09-19,rice,1150.0,31.15,0.7,61.0
2025-09-20,rice,1150.0,30.950000000000003,0.0,55.0
2025-09-21,rice,1150.0,30.849999999999998,0.0,52.0
2025-09-22,rice,1146.5,31.45,0.0,49.0
2025-09-23,rice,1148.0,31.400000000000002,0.0,48.0
2025-09-24,rice,1143.0,30.9,0.0,51.0
2025-09-25,rice,1137.0,31.05,0.0,51.0
2025-09-26,rice,1124.5,31.4,0.0,53.0
2025-09-27,rice,1124.5,32.900000000000006,0.1,56.0
2025-09-28,rice,1124.5,32.3,0.0,60.0
2025-09-29,rice,1136.0,30.3,8.2,59.0
2025-09-30,rice,1116.5,29.7,0.0,63.0
2025-10-01,rice,1107.5,29.0,2.9,76.0
2025-10-02,rice,1101.0,28.4,0.9,73.0
2025-10-03,rice,1111.0,29.25,0.1,68.0
2025-10-04,rice,1111.0,29.85,0.0,58.0
2025-10-05,rice,1111.0,28.2,7.9,64.0
2025-10-06,rice,1103.5,25.35,7.8,86.0
2025-10-07,rice,1089.0,24.55,4.8,87.0
2025-10-08,rice,1072.5,23.049999999999997,0.2,84.0
2025-10-09,rice,1088.5,23.85,0.4,73.0
2025-10-10,rice,1068.0,23.85,0.0,68.0
2025-10-11,rice,1068.0,24.2,0.0,67.0
2025-10-12,rice,1068.0,25.55,0.0,63.0
2025-10-13,rice,1071.5,26.049999999999997,0.0,59.0
2025-10-14,rice,1072.5,26.55,0.0,50.0
2025-10-15,rice,1058.5,26.1,0.0,50.0
2025-10-16,rice,1069.0,25.85,0.0,51.0
2025-10-17,rice,1062.0,26.450000000000003,0.0,55.0
2025-10-18,rice,1062.0,27.400000000000002,0.0,52.0
2025-10-19,rice,1062.0,28.3,0.0,50.0
2025-10-20,rice,1048.0,27.9,0.0,53.0
2025-10-21,rice,1047.0,26.799999999999997,0.4,57.0
2025-10-22,rice,1026.0,27.0,0.0,49.0
2025-10-23,rice,1024.0,25.950000000000003,0.0,44.0
2025-10-24,rice,1016.0,26.1,0.0,45.0
2025-10-25,rice,1016.0,25.65,0.0,45.0
2025-10-26,rice,1016.0,25.2,0.0,47.0
2025-10-27,rice,1028.5,25.2,0.0,59.0
2025-10-28,rice,1028.5,23.6,0.0,74.0
2025-10-29,rice,1001.5,24.7,0.0,62.0
2025-10-30,rice,1023.5,24.65,0.1,80.0
2025-10-31,rice,1026.5,25.55,0.1,73.0
2025-11-01,rice,1026.5,25.2,0.0,58.0
2025-11-02,rice,1026.5,23.95,0.0,57.0
2025-11-03,rice,1023.5,24.2,0.0,53.0
2025-11-04,rice,1020.0,23.75,0.0,65.0
2025-11-05,rice,994.5,23.15,0.0,56.0
2025-11-06,rice,1001.5,20.7,0.0,50.0
2025-11-07,rice,1002.5,21.0,0.0,47.0
2025-11-08,rice,1002.5,20.35,0.0,45.0
2025-11-09,rice,1002.5,20.45,0.0,46.0
2025-11-10,rice,1012.5,20.45,0.0,47.0
2025-11-11,rice,1033.5,20.5,0.0,47.0
2025-11-12,rice,1028.5,20.75,0.0,50.0
2025-11-13,rice,1012.5,19.65,0.0,51.0
2025-11-14,rice,1014.0,19.65,0.0,50.0
2025-11-15,rice,1014.0,19.65,0.0,51.0
2025-11-16,rice,1014.0,19.5,0.0,49.0
2025-11-17,rice,1044.0,19.1,0.0,52.0
2025-11-18,rice,1035.0,19.65,0.0,61.0
2025-11-19,rice,1010.5,19.6,0.0,62.0
2025-11-20,rice,1003.0,20.05,0.0,63.0
2025-11-21,rice,1044.5,20.3,0.0,61.0
2025-11-22,rice,1044.5,19.85,0.0,55.0
2025-11-23,rice,1044.5,19.5,0.0,57.0
2025-11-24,rice,1041.5,18.6,0.0,57.0
2025-11-25,rice,1017.0,17.7,0.0,58.0
2025-11-26,rice,1013.5,17.5,0.0,56.0
2025-11-27,rice,1013.5,18.45,0.0,57.0
2025-11-28,rice,1007.5,18.3,0.0,59.0
2025-11-29,rice,1007.5,19.35,0.0,52.0
2025-11-30,rice,1007.5,17.55,0.0,49.0
2025-12-01,rice,1017.5,17.1,0.0,52.0
2025-12-02,rice,1011.5,18.25,0.0,57.0
2025-12-03,rice,991.5,16.549999999999997,0.0,55.0
2025-12-04,rice,1009.0,15.649999999999999,0.0,56.0
2025-12-05,rice,998.5,15.2,0.0,56.0
2025-12-06,rice,998.5,16.85,0.0,52.0
2025-12-07,rice,998.5,17.4,0.0,56.0
2025-12-08,rice,1014.5,18.65,0.0,53.0
2025-12-09,rice,1009.5,18.05,0.0,54.0
2025-12-10,rice,993.5,17.9,0.0,58.0
2025-12-11,rice,982.5,17.700000000000003,0.0,62.0
2025-12-12,rice,986.0,17.4,0.0,63.0
2025-12-13,rice,986.0,18.6,0.0,67.0
2025-12-14,rice,986.0,17.65,0.0,69.0
2025-12-15,rice,975.0,16.9,0.0,71.0
2025-12-16,rice,949.5,17.45,0.0,70.0
2025-12-17,rice,938.0,17.6,0.0,70.0
2025-12-18,rice,957.5,17.05,0.0,76.0
2025-12-19,rice,978.5,16.25,0.0,77.0
2025-12-20,rice,978.5,15.65,0.0,80.0
2025-12-21,rice,978.5,15.6,0.0,85.0
2025-12-22,rice,984.0,16.55,0.0,83.0
2025-12-23,rice,981.0,17.3,0.0,79.0
2025-12-24,rice,991.5,15.65,0.0,67.0
2025-12-25,rice,991.5,15.1,0.0,65.0
2025-12-26,rice,978.5,15.45,0.0,69.0
2025-12-27,rice,978.5,15.1,0.0,77.0
2025-12-28,rice,978.5,14.95,0.0,79.0
2025-12-29,rice,951.0,14.85,0.0,81.0
2025-12-30,rice,948.0,14.899999999999999,0.0,76.0
2025-12-31,rice,959.5,14.25,0.0,86.0
2026-01-01,rice,959.5,13.799999999999999,1.6,89.0
2026-01-02,rice,940.5,14.3,0.0,78.0
2026-01-03,rice,940.5,12.75,0.0,77.0
2026-01-04,rice,940.5,12.8,0.0,78.0
2026-01-05,rice,992.0,12.85,0.0,81.0
2026-01-06,rice,1007.0,12.4,0.0,86.0
2026-01-07,rice,1011.0,11.9,0.0,89.0
2026-01-08,rice,993.5,10.95,0.0,88.0
2026-01-09,rice,998.0,12.350000000000001,0.7,82.0
2026-01-10,rice,998.0,11.8,0.0,80.0
2026-01-11,rice,998.0,11.149999999999999,0.0,75.0
2026-01-12,rice,999.0,11.0,0.0,70.0
2026-01-13,rice,1034.0,11.7,0.0,77.0
2026-01-14,rice,1025.5,11.5,0.0,76.0
2026-01-15,rice,1060.0,11.85,0.0,75.0
2026-01-16,rice,1060.0,13.3,0.0,67.0
2026-01-17,rice,1060.0,15.200000000000001,0.0,71.0
2026-01-18,rice,1060.0,15.05,0.0,77.0
2026-01-19,rice,1060.0,17.85,0.0,59.0
2026-01-20,rice,1069.0,17.2,0.0,61.0
2026-01-21,rice,1079.0,16.45,0.0,63.0
2026-01-22,rice,1068.5,17.45,0.0,61.0
2026-01-23,rice,1065.5,13.55,23.9,88.0
2026-01-24,rice,1065.5,11.799999999999999,0.0,65.0
2026-01-25,rice,1065.5,11.45,0.0,76.0
2026-01-26,rice,1093.5,12.5,0.0,76.0
2026-01-27,rice,1096.0,15.45,19.9,85.0
2026-01-28,rice,1101.0,14.399999999999999,0.0,85.0
2026-01-29,rice,1112.0,14.25,0.0,86.0
2026-01-30,rice,1103.0,14.0,0.0,83.0
2026-01-31,rice,1103.0,14.5,8.9,84.0
2026-02-01,rice,1103.0,16.75,4.3,85.0
2026-02-02,rice,1111.5,15.05,0.0,88.0
2026-02-03,rice,1109.0,15.0,0.0,81.0
2026-02-04,rice,1106.5,15.399999999999999,0.0,77.0
2026-02-05,rice,1127.0,15.899999999999999,0.0,70.0
2026-02-06,rice,1123.0,16.700000000000003,0.0,68.0
2026-02-07,rice,1123.0,18.0,0.0,68.0
2026-02-08,rice,1123.0,16.85,0.0,62.0
2026-02-09,rice,1119.0,17.25,0.0,62.0
2026-02-10,rice,1123.0,19.35,0.0,60.0
2026-02-11,rice,1113.5,20.75,0.0,54.0
2026-02-12,rice,1120.0,18.95,0.0,54.0
2026-02-13,rice,1102.0,19.1,0.0,53.0
2026-02-14,rice,1102.0,19.7,0.0,53.0
2026-02-15,rice,1102.0,20.75,0.0,50.0
2026-02-16,rice,1102.0,21.7,0.0,53.0
2026-02-17,rice,1075.5,22.55,0.0,56.0
2026-02-18,rice,1027.5,19.0,0.9,76.0
2026-02-19,rice,1016.5,20.1,0.0,66.0
2026-02-20,rice,1016.5,21.45,0.0,61.0
2026-02-21,rice,1016.5,21.0,0.0,63.0
2026-02-22,rice,1016.5,21.549999999999997,0.0,55.0
2026-02-23,rice,998.5,22.1,0.0,52.0
2026-02-24,rice,986.0,22.75,0.0,52.0
2026-02-25,rice,990.5,21.95,0.0,46.0
2026-02-26,rice,994.5,22.55,0.0,44.0
2026-02-27,rice,1039.5,23.4,0.0,42.0
2026-02-28,rice,1039.5,24.9,0.0,42.0
2026-03-01,rice,1039.5,23.85,0.0,44.0
2026-03-02,rice,1062.0,23.950000000000003,0.0,43.0
2026-03-03,rice,1058.5,24.549999999999997,0.0,42.0
2026-03-04,rice,1043.5,25.700000000000003,0.0,45.0
2026-03-05,rice,1079.0,27.4,0.0,45.0
2026-03-06,rice,1090.0,27.0,0.0,50.0
2026-03-07,rice,1090.0,27.650000000000002,0.0,52.0
2026-03-08,rice,1090.0,28.299999999999997,0.0,45.0
2026-03-09,rice,1101.5,28.1,0.0,52.0
2026-03-10,rice,1091.5,28.8,0.0,49.0
2026-03-11,rice,1096.5,28.4,0.0,36.0
2026-03-12,rice,1100.5,28.5,0.0,36.0
2026-03-13,rice,1103.5,27.05,0.0,42.0
2026-03-14,rice,1103.5,25.7,1.7,38.0
2026-03-15,rice,1103.5,22.6,0.9,57.0
2026-03-16,rice,1138.0,24.1,0.3,51.0
2026-03-17,rice,1134.0,24.45,0.0,50.0
2026-03-18,rice,1135.0,25.75,3.9,55.0
2026-03-19,rice,1133.0,22.05,3.2,72.0
2026-03-20,rice,1109.5,17.700000000000003,2.8,88.0
2026-03-21,rice,1109.5,20.25,0.0,73.0
2026-03-22,rice,1109.5,21.55,0.4,65.0
2026-03-23,rice,1093.5,22.4,9.2,73.0
2026-03-24,rice,1099.0,23.65,0.0,60.0
2026-03-25,rice,1097.5,24.65,0.0,48.0
2026-03-26,rice,1097.0,27.9,0.0,43.0
2026-03-27,rice,1109.0,25.05,0.6,50.0
2026-03-28,rice,1109.0,26.95,0.0,43.0
2026-03-29,rice,1109.0,28.75,0.0,48.0
2026-03-30,rice,1132.0,28.150000000000002,0.2,52.0
2026-03-31,rice,1137.5,27.45,0.3,54.0
2026-04-01,rice,1128.0,26.3,0.0,50.0
2026-04-02,rice,1123.0,27.950000000000003,0.0,46.0
2026-04-03,rice,1123.0,26.55,0.4,58.0
2026-04-04,rice,1123.0,25.05,2.3,63.0
2026-04-05,rice,1123.0,24.549999999999997,0.9,53.0
2026-04-06,rice,1108.0,26.4,0.0,38.0
2026-04-07,rice,1114.5,22.9,9.3,65.0
2026-04-08,rice,1105.5,21.15,3.2,72.0
2026-04-09,rice,1090.5,22.3,0.0,57.0
2026-04-10,rice,1079.5,24.6,0.0,37.0
2026-04-11,rice,1079.5,27.25,0.0,33.0
2026-04-12,rice,1079.5,28.35,0.0,29.0
2026-04-13,rice,1066.0,28.15,0.0,28.0
2026-04-14,rice,1078.5,30.25,0.0,24.0
2026-04-15,rice,1090.5,31.150000000000002,0.0,21.0
2026-04-16,rice,1083.5,33.25,0.0,22.0
2026-04-17,rice,1110.0,32.7,0.0,27.0
2026-04-18,rice,1110.0,32.6,0.0,26.0
2026-04-19,rice,1110.0,33.05,0.0,22.0
2026-04-20,rice,1103.5,32.75,0.0,19.0
2026-04-21,rice,1099.0,32.35,0.0,20.0
2026-04-22,rice,1110.0,33.15,0.0,20.0
2026-04-23,rice,1101.5,34.650000000000006,0.0,19.0
2026-04-24,rice,1080.0,34.75,0.0,23.0
2026-04-25,rice,1080.0,35.6,0.0,22.0
2026-04-26,rice,1080.0,35.0,0.0,24.0
2026-04-27,rice,1074.0,35.6,0.0,22.0
2026-04-28,rice,1057.5,32.5,0.0,34.0
2026-04-29,rice,1053.5,31.95,0.0,37.0
2026-04-30,rice,1079.5,30.400000000000002,0.9,44.0
2026-05-01,rice,1087.5,29.9,0.0,47.0
2026-05-02,rice,1087.5,32.5,0.0,39.0
2024-05-02,wheat,586.5,27.15,0.0,26.0
2024-05-03,wheat,606.0,29.35,0.0,21.0
2024-05-04,wheat,606.0,33.0,0.0,19.0
2024-05-05,wheat,606.0,32.95,0.0,20.0
2024-05-06,wheat,632.25,33.3,0.0,22.0
2024-05-07,wheat,624.75,34.45,0.0,28.0
2024-05-08,wheat,616.0,33.25,0.0,39.0
2024-05-09,wheat,619.75,32.9,0.0,36.0
2024-05-10,wheat,645.75,32.75,1.1,47.0
2024-05-11,wheat,645.75,32.4,0.1,40.0
2024-05-12,wheat,645.75,32.65,0.1,36.0
2024-05-13,wheat,670.25,32.65,0.0,26.0
2024-05-14,wheat,657.0,32.6,0.0,21.0
2024-05-15,wheat,665.75,33.8,0.0,18.0
2024-05-16,wheat,663.25,34.6,0.0,19.0
2024-05-17,wheat,651.25,36.0,0.0,19.0
2024-05-18,wheat,651.25,35.5,0.0,18.0
2024-05-19,wheat,651.25,36.25,0.0,17.0
2024-05-20,wheat,688.75,36.35,0.0,19.0
2024-05-21,wheat,697.5,35.85,0.0,30.0
2024-05-22,wheat,693.0,35.45,0.3,37.0
2024-05-23,wheat,698.0,35.75,0.0,36.0
2024-05-24,wheat,697.25,35.599999999999994,0.0,35.0
2024-05-25,wheat,697.25,37.25,0.0,24.0
2024-05-26,wheat,697.25,37.75,0.0,17.0
2024-05-27,wheat,697.25,37.6,0.0,17.0
2024-05-28,wheat,700.25,37.349999999999994,0.0,13.0
2024-05-29,wheat,692.75,39.3,0.0,18.0
2024-05-30,wheat,681.0,37.65,0.0,14.0
2024-05-31,wheat,678.5,37.15,0.0,13.0
2024-06-01,wheat,678.5,37.65,0.0,20.0
2024-06-02,wheat,678.5,35.7,0.0,26.0
2024-06-03,wheat,672.75,36.95,0.0,21.0
2024-06-04,wheat,658.25,36.6,0.0,19.0
2024-06-05,wheat,646.75,36.6,0.0,25.0
2024-06-06,wheat,639.5,34.45,0.0,30.0
2024-06-07,wheat,627.5,35.55,0.0,29.0
2024-06-08,wheat,627.5,34.25,0.0,27.0
2024-06-09,wheat,627.5,35.25,0.0,20.0
2024-06-10,wheat,607.5,35.45,0.0,18.0
2024-06-11,wheat,626.5,36.05,0.0,19.0
2024-06-12,wheat,617.0,36.45,0.0,17.0
2024-06-13,wheat,620.0,37.2,0.0,21.0
2024-06-14,wheat,612.75,38.05,0.0,29.0
2024-06-15,wheat,612.75,37.75,0.0,26.0
2024-06-16,wheat,612.75,38.4,0.0,24.0
2024-06-17,wheat,591.5,38.85,0.0,25.0
2024-06-18,wheat,582.0,39.35,0.0,26.0
2024-06-19,wheat,582.0,37.15,0.8,36.0
2024-06-20,wheat,572.75,32.35,6.7,49.0
2024-06-21,wheat,561.5,31.8,0.3,54.0
2024-06-22,wheat,561.5,34.2,0.0,51.0
2024-06-23,wheat,561.5,34.8,0.3,51.0
2024-06-24,wheat,552.5,34.7,1.7,56.0
2024-06-25,wheat,541.75,32.1,13.5,64.0
2024-06-26,wheat,541.25,29.9,20.9,75.0
2024-06-27,wheat,559.75,27.9,9.9,85.0
2024-06-28,wheat,553.5,28.05,15.4,85.0
2024-06-29,wheat,553.5,29.7,20.5,79.0
2024-06-30,wheat,553.5,30.4,20.4,77.0
2024-07-01,wheat,569.25,30.0,13.0,78.0
2024-07-02,wheat,561.5,29.8,3.2,85.0
2024-07-03,wheat,554.5,29.4,1.9,83.0
2024-07-04,wheat,554.5,28.55,7.2,82.0
2024-07-05,wheat,572.25,28.2,0.7,84.0
2024-07-06,wheat,572.25,29.3,1.0,81.0
2024-07-07,wheat,572.25,29.35,0.1,75.0
2024-07-08,wheat,553.0,29.5,0.0,76.0
2024-07-09,wheat,554.25,29.25,4.9,80.0
2024-07-10,wheat,543.5,30.3,11.3,79.0
2024-07-11,wheat,554.25,31.549999999999997,3.9,75.0
2024-07-12,wheat,538.0,31.1,0.5,76.0
2024-07-13,wheat,538.0,29.650000000000002,12.4,77.0
2024-07-14,wheat,538.0,30.15,1.4,71.0
2024-07-15,wheat,532.5,29.450000000000003,17.6,77.0
2024-07-16,wheat,530.75,29.900000000000002,1.4,76.0
2024-07-17,wheat,539.25,31.3,1.2,76.0
2024-07-18,wheat,535.25,31.1,1.3,77.0
2024-07-19,wheat,542.75,30.799999999999997,0.5,77.0
2024-07-20,wheat,542.75,31.0,0.2,75.0
2024-07-21,wheat,542.75,31.0,5.9,78.0
2024-07-22,wheat,548.0,31.200000000000003,1.0,78.0
2024-07-23,wheat,542.75,30.65,8.6,81.0
2024-07-24,wheat,547.0,30.05,2.7,81.0
2024-07-25,wheat,537.75,30.950000000000003,0.8,76.0
2024-07-26,wheat,523.5,30.2,9.9,82.0
2024-07-27,wheat,523.5,31.0,4.5,81.0
2024-07-28,wheat,523.5,31.8,6.0,75.0
2024-07-29,wheat,531.0,32.0,0.3,72.0
2024-07-30,wheat,524.0,32.6,0.2,70.0
2024-07-31,wheat,527.25,31.75,144.6,81.0
2024-08-01,wheat,532.0,28.35,6.3,84.0
2024-08-02,wheat,539.0,28.85,2.9,83.0
2024-08-03,wheat,539.0,29.2,1.7,81.0
2024-08-04,wheat,539.0,30.15,0.5,74.0
2024-08-05,wheat,539.5,29.5,0.8,77.0
2024-08-06,wheat,543.25,29.1,0.2,76.0
2024-08-07,wheat,538.25,27.75,19.9,89.0
2024-08-08,wheat,537.5,28.5,11.9,87.0
2024-08-09,wheat,542.5,28.35,33.3,87.0
2024-08-10,wheat,542.5,28.1,9.6,87.0
2024-08-11,wheat,542.5,28.25,11.9,89.0
2024-08-12,wheat,536.75,27.6,10.3,91.0
2024-08-13,wheat,528.75,28.0,9.1,90.0
2024-08-14,wheat,534.75,28.3,7.8,89.0
2024-08-15,wheat,528.25,28.85,11.8,87.0
2024-08-16,wheat,530.0,28.95,14.1,88.0
2024-08-17,wheat,530.0,28.799999999999997,7.7,85.0
2024-08-18,wheat,530.0,29.450000000000003,3.0,82.0
2024-08-19,wheat,528.25,29.400000000000002,0.9,82.0
2024-08-20,wheat,533.0,28.450000000000003,7.8,86.0
2024-08-21,wheat,519.75,28.35,7.0,86.0
2024-08-22,wheat,511.0,28.849999999999998,1.9,86.0
2024-08-23,wheat,502.25,27.799999999999997,1.2,86.0
2024-08-24,wheat,502.25,28.2,21.5,84.0
2024-08-25,wheat,502.25,28.650000000000002,2.2,78.0
2024-08-26,wheat,498.0,27.9,4.2,84.0
2024-08-27,wheat,508.25,27.65,12.0,86.0
2024-08-28,wheat,514.25,27.2,14.9,87.0
2024-08-29,wheat,525.0,27.65,11.2,87.0
2024-08-30,wheat,532.75,28.1,7.5,88.0
2024-08-31,wheat,532.75,29.45,0.0,78.0
2024-09-01,wheat,532.75,29.5,0.9,77.0
2024-09-02,wheat,532.75,28.3,10.9,83.0
2024-09-03,wheat,552.0,28.0,17.8,88.0
2024-09-04,wheat,565.25,27.6,0.9,86.0
2024-09-05,wheat,561.0,27.85,7.2,84.0
2024-09-06,wheat,553.25,27.3,18.4,89.0
2024-09-07,wheat,553.25,27.25,22.5,87.0
2024-09-08,wheat,553.25,27.85,7.2,87.0
2024-09-09,wheat,555.5,28.900000000000002,5.6,82.0
2024-09-10,wheat,558.75,27.75,9.6,89.0
2024-09-11,wheat,563.75,28.3,44.0,88.0
2024-09-12,wheat,563.0,24.7,114.1,92.0
2024-09-13,wheat,571.25,26.55,24.5,90.0
2024-09-14,wheat,571.25,26.2,4.3,84.0
2024-09-15,wheat,571.25,26.85,0.1,77.0
2024-09-16,wheat,578.5,27.9,0.0,73.0
2024-09-17,wheat,575.75,27.75,0.0,75.0
2024-09-18,wheat,575.75,25.25,65.4,87.0
2024-09-19,wheat,565.5,26.4,1.0,86.0
2024-09-20,wheat,568.5,27.5,0.0,79.0
2024-09-21,wheat,568.5,28.3,0.2,78.0
2024-09-22,wheat,568.5,29.1,0.0,79.0
2024-09-23,wheat,582.5,29.15,0.0,78.0
2024-09-24,wheat,578.0,29.35,0.0,77.0
2024-09-25,wheat,589.25,29.2,0.4,82.0
2024-09-26,wheat,584.25,28.25,0.4,81.0
2024-09-27,wheat,580.0,27.0,0.8,80.0
2024-09-28,wheat,580.0,26.7,0.0,82.0
2024-09-29,wheat,580.0,26.6,0.3,82.0
2024-09-30,wheat,584.0,28.1,0.0,78.0
2024-10-01,wheat,599.0,28.6,0.0,76.0
2024-10-02,wheat,615.25,29.55,0.0,70.0
2024-10-03,wheat,603.5,29.15,0.0,66.0
2024-10-04,wheat,589.75,28.65,0.0,68.0
2024-10-05,wheat,589.75,28.85,0.0,64.0
2024-10-06,wheat,589.75,27.7,0.0,68.0
2024-10-07,wheat,592.5,27.099999999999998,0.0,72.0
2024-10-08,wheat,594.75,26.75,0.0,68.0
2024-10-09,wheat,599.0,26.35,0.0,65.0
2024-10-10,wheat,603.75,25.849999999999998,0.0,58.0
2024-10-11,wheat,599.0,25.3,0.0,59.0
2024-10-12,wheat,599.0,25.55,0.0,60.0
2024-10-13,wheat,599.0,25.85,0.0,56.0
2024-10-14,wheat,585.25,25.85,0.0,55.0
2024-10-15,wheat,579.5,25.65,0.0,58.0
2024-10-16,wheat,585.0,25.95,0.0,58.0
2024-10-17,wheat,589.5,26.65,0.0,65.0
2024-10-18,wheat,572.75,26.7,0.0,64.0
2024-10-19,wheat,572.75,27.3,0.0,63.0
2024-10-20,wheat,572.75,26.6,0.0,70.0
2024-10-21,wheat,572.25,26.15,0.0,70.0
2024-10-22,wheat,576.0,25.75,0.0,67.0
2024-10-23,wheat,578.5,26.05,0.0,59.0
2024-10-24,wheat,581.5,26.05,0.0,60.0
2024-10-25,wheat,569.0,25.5,0.0,63.0
2024-10-26,wheat,569.0,25.25,0.0,68.0
2024-10-27,wheat,569.0,25.7,0.0,74.0
2024-10-28,wheat,558.75,26.049999999999997,0.0,71.0
2024-10-29,wheat,570.5,26.7,0.0,69.0
2024-10-30,wheat,573.25,27.7,0.0,65.0
2024-10-31,wheat,570.5,26.4,0.0,58.0
2024-11-01,wheat,568.0,25.6,0.0,53.0
2024-11-02,wheat,568.0,24.7,0.0,56.0
2024-11-03,wheat,568.0,24.700000000000003,0.0,54.0
2024-11-04,wheat,568.75,23.95,0.0,65.0
2024-11-05,wheat,572.5,23.75,0.0,69.0
2024-11-06,wheat,573.25,24.1,0.0,68.0
2024-11-07,wheat,571.5,24.55,0.0,66.0
2024-11-08,wheat,572.5,24.7,0.0,68.0
2024-11-09,wheat,572.5,25.0,0.0,67.0
2024-11-10,wheat,572.5,24.450000000000003,0.0,71.0
2024-11-11,wheat,565.5,24.15,0.0,74.0
2024-11-12,wheat,552.25,25.05,0.0,54.0
2024-11-13,wheat,541.0,24.4,0.0,59.0
2024-11-14,wheat,530.25,24.5,0.0,53.0
2024-11-15,wheat,536.5,23.7,0.0,53.0
2024-11-16,wheat,536.5,23.15,0.0,55.0
2024-11-17,wheat,536.5,22.6,0.0,59.0
2024-11-18,wheat,547.25,21.15,0.0,59.0
2024-11-19,wheat,549.75,20.049999999999997,0.0,50.0
2024-11-20,wheat,552.5,19.75,0.0,50.0
2024-11-21,wheat,548.75,19.7,0.0,51.0
2024-11-22,wheat,544.25,20.05,0.0,55.0
2024-11-23,wheat,544.25,20.8,0.0,49.0
2024-11-24,wheat,544.25,21.6,0.0,49.0
2024-11-25,wheat,535.75,20.5,0.0,59.0
2024-11-26,wheat,539.5,19.7,0.0,54.0
2024-11-27,wheat,537.75,19.8,0.0,48.0
2024-11-28,wheat,537.75,19.15,0.0,53.0
2024-11-29,wheat,532.25,18.45,0.0,60.0
2024-11-30,wheat,532.25,18.65,0.0,61.0
2024-12-01,wheat,532.25,19.4,0.0,61.0
2024-12-02,wheat,537.5,19.55,0.0,57.0
2024-12-03,wheat,536.75,20.0,0.0,53.0
2024-12-04,wheat,538.0,19.8,0.0,50.0
2024-12-05,wheat,546.75,17.75,0.0,43.0
2024-12-06,wheat,542.5,17.4,0.0,47.0
2024-12-07,wheat,542.5,16.35,0.0,47.0
2024-12-08,wheat,542.5,16.6,1.5,60.0
2024-12-09,wheat,541.25,15.3,0.0,63.0
2024-12-10,wheat,542.0,14.9,0.0,49.0
2024-12-11,wheat,543.5,14.15,0.0,49.0
2024-12-12,wheat,538.75,14.1,0.0,51.0
2024-12-13,wheat,526.5,14.9,0.0,45.0
2024-12-14,wheat,526.5,14.600000000000001,0.0,47.0
2024-12-15,wheat,526.5,14.15,0.0,56.0
2024-12-16,wheat,550.0,14.0,0.0,70.0
2024-12-17,wheat,545.0,14.15,0.0,72.0
2024-12-18,wheat,541.25,14.25,0.0,69.0
2024-12-19,wheat,533.0,14.4,0.0,61.0
2024-12-20,wheat,533.0,16.7,0.0,64.0
2024-12-21,wheat,533.0,15.65,0.0,62.0
2024-12-22,wheat,533.0,16.45,0.0,59.0
2024-12-23,wheat,540.5,14.600000000000001,1.4,71.0
2024-12-24,wheat,534.75,14.9,0.5,79.0
2024-12-25,wheat,534.75,15.55,0.0,77.0
2024-12-26,wheat,541.0,16.2,0.0,64.0
2024-12-27,wheat,546.5,14.9,30.5,89.0
2024-12-28,wheat,546.5,14.45,4.0,90.0
2024-12-29,wheat,546.5,14.05,0.0,86.0
2024-12-30,wheat,548.25,13.2,0.0,88.0
2024-12-31,wheat,551.5,11.75,0.0,89.0
2025-01-01,wheat,551.5,12.3,0.0,88.0
2025-01-02,wheat,545.75,13.45,0.0,85.0
2025-01-03,wheat,529.25,14.0,0.0,86.0
2025-01-04,wheat,529.25,14.850000000000001,0.0,89.0
2025-01-05,wheat,529.25,13.450000000000001,0.0,90.0
2025-01-06,wheat,540.5,13.5,4.9,88.0
2025-01-07,wheat,542.5,13.35,0.0,87.0
2025-01-08,wheat,536.25,13.25,0.0,74.0
2025-01-09,wheat,534.0,13.25,0.0,78.0
2025-01-10,wheat,530.75,12.85,0.0,85.0
2025-01-11,wheat,530.75,12.350000000000001,3.9,87.0
2025-01-12,wheat,530.75,13.7,0.1,88.0
2025-01-13,wheat,545.0,14.05,0.0,85.0
2025-01-14,wheat,546.25,13.399999999999999,0.0,83.0
2025-01-15,wheat,547.0,13.75,2.9,87.0
2025-01-16,wheat,537.5,14.15,0.7,83.0
2025-01-17,wheat,538.75,13.35,0.0,82.0
2025-01-18,wheat,538.75,12.8,0.0,87.0
2025-01-19,wheat,538.75,15.1,0.0,84.0
2025-01-20,wheat,538.75,16.799999999999997,0.0,83.0
2025-01-21,wheat,558.75,16.5,0.0,78.0
2025-01-22,wheat,554.0,16.6,1.6,74.0
2025-01-23,wheat,554.0,16.5,0.0,69.0
2025-01-24,wheat,544.0,15.5,0.0,67.0
2025-01-25,wheat,544.0,14.9,0.0,62.0
2025-01-26,wheat,544.0,14.55,0.0,63.0
2025-01-27,wheat,535.5,14.65,0.0,60.0
2025-01-28,wheat,545.25,15.399999999999999,0.0,61.0
2025-01-29,wheat,562.5,17.1,0.0,63.0
2025-01-30,wheat,566.5,18.05,0.0,68.0
2025-01-31,wheat,559.5,19.15,0.0,63.0
2025-02-01,wheat,559.5,19.1,0.0,65.0
2025-02-02,wheat,559.5,17.450000000000003,0.0,70.0
2025-02-03,wheat,566.75,16.8,2.2,64.0
2025-02-04,wheat,577.0,17.9,0.5,74.0
2025-02-05,wheat,572.25,16.65,0.0,61.0
2025-02-06,wheat,587.75,16.15,0.0,52.0
2025-02-07,wheat,582.75,15.7,0.0,51.0
2025-02-08,wheat,582.75,17.2,0.0,55.0
2025-02-09,wheat,582.75,17.950000000000003,0.0,61.0
2025-02-10,wheat,579.5,19.35,0.0,59.0
2025-02-11,wheat,577.0,20.049999999999997,0.0,58.0
2025-02-12,wheat,574.25,19.4,0.0,47.0
2025-02-13,wheat,577.75,18.5,0.0,46.0
2025-02-14,wheat,600.0,18.450000000000003,0.0,45.0
2025-02-15,wheat,600.0,19.3,0.0,46.0
2025-02-16,wheat,600.0,20.0,0.0,55.0
2025-02-17,wheat,600.0,22.5,0.0,50.0
2025-02-18,wheat,604.75,20.75,0.0,53.0
2025-02-19,wheat,592.0,20.55,3.6,54.0
2025-02-20,wheat,585.5,18.9,4.9,72.0
2025-02-21,wheat,590.0,19.35,0.0,70.0
2025-02-22,wheat,590.0,18.7,0.0,65.0
2025-02-23,wheat,590.0,19.1,0.0,60.0
2025-02-24,wheat,579.0,20.1,0.0,57.0
2025-02-25,wheat,572.75,21.25,0.0,52.0
2025-02-26,wheat,566.0,24.05,0.0,55.0
2025-02-27,wheat,546.75,21.2,1.0,69.0
2025-02-28,wheat,537.0,19.549999999999997,3.3,78.0
2025-03-01,wheat,537.0,19.75,7.7,81.0
2025-03-02,wheat,537.0,18.75,0.0,64.0
2025-03-03,wheat,532.0,19.85,0.0,60.0
2025-03-04,wheat,518.5,18.85,0.0,57.0
2025-03-05,wheat,530.75,17.7,0.0,42.0
2025-03-06,wheat,537.0,19.65,0.0,44.0
2025-03-07,wheat,533.75,20.45,0.0,43.0
2025-03-08,wheat,533.75,22.35,0.0,44.0
2025-03-09,wheat,533.75,24.3,0.0,43.0
2025-03-10,wheat,545.25,25.3,0.0,46.0
2025-03-11,wheat,541.0,26.9,0.0,48.0
2025-03-12,wheat,538.75,26.35,0.0,47.0
2025-03-13,wheat,547.25,25.75,5.9,55.0
2025-03-14,wheat,545.75,26.1,0.1,51.0
2025-03-15,wheat,545.75,24.3,0.4,56.0
2025-03-16,wheat,545.75,23.799999999999997,0.1,44.0
2025-03-17,wheat,568.5,22.85,0.0,45.0
2025-03-18,wheat,565.0,23.45,0.0,42.0
2025-03-19,wheat,563.5,25.0,0.0,35.0
2025-03-20,wheat,557.25,26.0,0.0,32.0
2025-03-21,wheat,558.25,25.3,0.0,33.0
2025-03-22,wheat,558.25,24.65,0.0,35.0
2025-03-23,wheat,558.25,25.6,0.0,32.0
2025-03-24,wheat,548.25,26.9,0.0,33.0
2025-03-25,wheat,543.25,28.65,0.0,31.0
2025-03-26,wheat,535.25,29.85,0.0,27.0
2025-03-27,wheat,532.0,29.450000000000003,0.0,28.0
2025-03-28,wheat,528.25,24.45,0.0,21.0
2025-03-29,wheat,528.25,22.5,0.0,23.0
2025-03-30,wheat,528.25,24.5,0.0,22.0
2025-03-31,wheat,537.0,25.65,0.0,21.0
2025-04-01,wheat,540.5,26.15,0.0,22.0
2025-04-02,wheat,539.25,27.150000000000002,0.0,22.0
2025-04-03,wheat,536.0,28.9,0.0,17.0
2025-04-04,wheat,529.0,29.3,0.0,18.0
2025-04-05,wheat,529.0,28.6,0.0,22.0
2025-04-06,wheat,529.0,30.0,0.0,21.0
2025-04-07,wheat,536.5,32.15,0.0,23.0
2025-04-08,wheat,540.0,32.55,0.0,22.0
2025-04-09,wheat,542.25,33.35,0.0,27.0
2025-04-10,wheat,538.0,32.15,1.4,36.0
2025-04-11,wheat,555.75,27.400000000000002,8.1,65.0
2025-04-12,wheat,555.75,27.65,1.1,55.0
2025-04-13,wheat,555.75,28.15,0.0,45.0
2025-04-14,wheat,547.5,28.9,0.0,39.0
2025-04-15,wheat,542.0,30.6,0.0,38.0
2025-04-16,wheat,547.75,31.85,0.0,32.0
2025-04-17,wheat,548.75,33.35,0.0,34.0
2025-04-18,wheat,548.75,33.25,0.0,40.0
2025-04-19,wheat,548.75,33.65,0.0,42.0
2025-04-20,wheat,548.75,33.5,0.0,35.0
2025-04-21,wheat,538.5,32.65,0.0,17.0
2025-04-22,wheat,535.5,31.95,0.0,10.0
2025-04-23,wheat,528.25,31.5,0.0,12.0
2025-04-24,wheat,529.25,32.349999999999994,0.0,12.0
2025-04-25,wheat,530.0,33.4,0.0,12.0
2025-04-26,wheat,530.0,33.75,0.0,14.0
2025-04-27,wheat,530.0,33.65,0.0,14.0
2025-04-28,wheat,515.5,33.45,0.0,23.0
2025-04-29,wheat,505.75,31.25,0.0,36.0
2025-04-30,wheat,513.0,31.5,0.0,37.0
2025-05-01,wheat,515.25,31.7,0.0,37.0
2025-05-02,wheat,526.5,25.1,12.4,69.0
2025-05-03,wheat,526.5,29.65,3.4,52.0
2025-05-04,wheat,526.5,29.599999999999998,2.0,52.0
2025-05-05,wheat,514.25,29.05,0.1,61.0
2025-05-06,wheat,519.0,28.299999999999997,0.4,60.0
2025-05-07,wheat,518.0,28.400000000000002,0.5,64.0
2025-05-08,wheat,513.0,28.099999999999998,2.7,58.0
2025-05-09,wheat,505.5,31.0,1.1,47.0
2025-05-10,wheat,505.5,31.3,1.5,56.0
2025-05-11,wheat,505.5,31.650000000000002,0.0,44.0
2025-05-12,wheat,499.0,32.5,0.0,31.0
2025-05-13,wheat,501.5,34.7,0.0,23.0
2025-05-14,wheat,508.75,34.85,0.0,22.0
2025-05-15,wheat,532.75,35.599999999999994,0.0,20.0
2025-05-16,wheat,525.0,35.75,0.0,28.0
2025-05-17,wheat,525.0,36.0,0.0,27.0
2025-05-18,wheat,525.0,35.45,0.0,36.0
2025-05-19,wheat,529.0,35.05,0.0,46.0
2025-05-20,wheat,546.0,35.25,0.0,45.0
2025-05-21,wheat,549.25,36.05,0.0,46.0
2025-05-22,wheat,544.5,31.0,0.0,56.0
2025-05-23,wheat,542.5,32.3,1.5,50.0
2025-05-24,wheat,542.5,33.1,0.4,48.0
2025-05-25,wheat,542.5,27.05,1.8,72.0
2025-05-26,wheat,542.5,29.900000000000002,0.4,64.0
2025-05-27,wheat,528.5,31.1,0.0,60.0
2025-05-28,wheat,530.25,33.45,0.0,56.0
2025-05-29,wheat,534.0,33.75,0.3,47.0
2025-05-30,wheat,534.0,31.1,0.0,51.0
2025-05-31,wheat,534.0,32.95,1.0,46.0
2025-06-01,wheat,534.0,31.15,4.2,49.0
2025-06-02,wheat,539.0,30.55,0.3,47.0
2025-06-03,wheat,536.0,29.55,0.0,50.0
2025-06-04,wheat,543.25,30.45,0.3,54.0
2025-06-05,wheat,545.5,30.8,0.0,44.0
2025-06-06,wheat,554.75,31.849999999999998,0.0,40.0
2025-06-07,wheat,554.75,34.6,0.0,37.0
2025-06-08,wheat,554.75,36.15,0.0,34.0
2025-06-09,wheat,542.0,36.85,0.0,25.0
2025-06-10,wheat,534.5,36.5,0.0,24.0
2025-06-11,wheat,534.25,36.8,0.0,37.0
2025-06-12,wheat,526.5,37.1,0.5,44.0
2025-06-13,wheat,543.75,36.05,0.0,50.0
2025-06-14,wheat,543.75,36.65,0.3,44.0
2025-06-15,wheat,543.75,33.45,1.3,59.0
2025-06-16,wheat,536.5,28.4,36.1,85.0
2025-06-17,wheat,549.0,28.85,11.1,81.0
2025-06-18,wheat,574.25,28.6,0.6,77.0
2025-06-19,wheat,574.25,29.1,0.2,78.0
2025-06-20,wheat,567.75,28.55,1.1,84.0
2025-06-21,wheat,567.75,30.450000000000003,1.6,76.0
2025-06-22,wheat,567.75,30.9,0.8,75.0
2025-06-23,wheat,552.75,31.6,0.1,74.0
2025-06-24,wheat,535.75,31.3,12.4,75.0
2025-06-25,wheat,528.25,29.05,9.4,85.0
2025-06-26,wheat,521.0,30.4,3.7,75.0
2025-06-27,wheat,524.75,29.650000000000002,8.2,77.0
2025-06-28,wheat,524.75,30.7,12.2,75.0
2025-06-29,wheat,524.75,29.349999999999998,5.0,78.0
2025-06-30,wheat,528.75,28.45,17.1,89.0
2025-07-01,wheat,537.25,29.1,8.9,82.0
2025-07-02,wheat,556.0,30.05,1.2,81.0
2025-07-03,wheat,547.75,30.0,0.8,78.0
2025-07-04,wheat,547.75,30.35,2.9,79.0
2025-07-05,wheat,547.75,30.85,1.3,76.0
2025-07-06,wheat,547.75,30.950000000000003,9.2,75.0
2025-07-07,wheat,539.75,29.55,11.2,82.0
2025-07-08,wheat,543.0,30.5,0.2,75.0
2025-07-09,wheat,542.75,28.9,16.6,84.0
2025-07-10,wheat,550.25,27.55,1.7,86.0
2025-07-11,wheat,540.75,28.55,0.4,81.0
2025-07-12,wheat,540.75,29.9,2.7,80.0
2025-07-13,wheat,540.75,29.35,18.6,86.0
2025-07-14,wheat,534.0,28.0,18.4,86.0
2025-07-15,wheat,538.0,28.75,14.2,85.0
2025-07-16,wheat,541.25,28.75,0.5,82.0
2025-07-17,wheat,533.5,28.75,1.5,82.0
2025-07-18,wheat,546.25,28.75,4.0,80.0
2025-07-19,wheat,546.25,29.0,0.0,76.0
2025-07-20,wheat,546.25,30.150000000000002,0.0,72.0
2025-07-21,wheat,542.25,28.8,0.4,80.0
2025-07-22,wheat,549.5,30.4,0.2,73.0
2025-07-23,wheat,540.5,29.85,2.0,79.0
2025-07-24,wheat,541.5,30.45,0.7,71.0
2025-07-25,wheat,538.25,31.4,0.5,68.0
2025-07-26,wheat,538.25,31.099999999999998,2.3,74.0
2025-07-27,wheat,538.25,32.3,0.9,67.0
2025-07-28,wheat,538.5,32.0,1.6,69.0
2025-07-29,wheat,529.75,29.599999999999998,3.8,83.0
2025-07-30,wheat,523.75,28.4,29.9,89.0
2025-07-31,wheat,523.25,28.45,16.2,87.0
2025-08-01,wheat,516.75,28.75,5.9,84.0
2025-08-02,wheat,516.75,29.2,0.9,78.0
2025-08-03,wheat,516.75,29.55,0.8,78.0
2025-08-04,wheat,516.75,28.65,0.0,81.0
2025-08-05,wheat,508.25,28.15,8.3,85.0
2025-08-06,wheat,508.5,29.1,0.5,79.0
2025-08-07,wheat,518.25,29.95,0.0,70.0
2025-08-08,wheat,514.5,29.7,0.0,73.0
2025-08-09,wheat,514.5,28.2,9.0,85.0
2025-08-10,wheat,514.5,29.0,1.6,81.0
2025-08-11,wheat,515.0,30.15,1.9,79.0
2025-08-12,wheat,505.0,29.75,3.6,79.0
2025-08-13,wheat,507.25,30.099999999999998,0.0,73.0
2025-08-14,wheat,503.5,27.5,8.2,90.0
2025-08-15,wheat,506.5,28.4,4.6,86.0
2025-08-16,wheat,506.5,28.75,4.2,86.0
2025-08-17,wheat,506.5,29.65,3.5,86.0
2025-08-18,wheat,502.75,29.3,9.0,83.0
2025-08-19,wheat,498.5,29.25,5.4,82.0
2025-08-20,wheat,505.5,29.200000000000003,17.6,80.0
2025-08-21,wheat,507.0,29.5,4.0,78.0
2025-08-22,wheat,504.75,29.700000000000003,6.7,76.0
2025-08-23,wheat,504.75,29.1,7.6,85.0
2025-08-24,wheat,504.75,27.75,19.1,87.0
2025-08-25,wheat,506.75,26.75,14.7,90.0
2025-08-26,wheat,509.5,27.5,4.4,89.0
2025-08-27,wheat,502.25,28.8,3.8,86.0
2025-08-28,wheat,510.25,28.7,24.1,86.0
2025-08-29,wheat,518.0,28.2,1.6,87.0
2025-08-30,wheat,518.0,28.450000000000003,3.8,84.0
2025-08-31,wheat,518.0,27.0,25.1,91.0
2025-09-01,wheat,518.0,26.5,29.3,93.0
2025-09-02,wheat,513.0,25.45,11.9,93.0
2025-09-03,wheat,504.0,26.7,16.6,89.0
2025-09-04,wheat,502.25,27.799999999999997,16.5,86.0
2025-09-05,wheat,501.0,27.75,12.9,85.0
2025-09-06,wheat,501.0,27.9,5.7,85.0
2025-09-07,wheat,501.0,28.35,1.1,86.0
2025-09-08,wheat,505.5,28.55,0.7,79.0
2025-09-09,wheat,500.75,29.049999999999997,0.4,75.0
2025-09-10,wheat,495.0,29.1,0.0,72.0
2025-09-11,wheat,503.0,28.75,0.0,69.0
2025-09-12,wheat,503.0,29.05,0.2,67.0
2025-09-13,wheat,503.0,30.700000000000003,0.9,59.0
2025-09-14,wheat,503.0,31.75,0.2,57.0
2025-09-15,wheat,525.0,31.85,0.0,53.0
2025-09-16,wheat,534.0,31.849999999999998,0.1,58.0
2025-09-17,wheat,528.25,30.9,0.2,63.0
2025-09-18,wheat,524.25,29.95,1.6,66.0
2025-09-19,wheat,522.5,31.15,0.7,61.0
2025-09-20,wheat,522.5,30.950000000000003,0.0,55.0
2025-09-21,wheat,522.5,30.849999999999998,0.0,52.0
2025-09-22,wheat,510.75,31.45,0.0,49.0
2025-09-23,wheat,520.5,31.400000000000002,0.0,48.0
2025-09-24,wheat,519.5,30.9,0.0,51.0
2025-09-25,wheat,527.0,31.05,0.0,51.0
2025-09-26,wheat,519.75,31.4,0.0,53.0
2025-09-27,wheat,519.75,32.900000000000006,0.1,56.0
2025-09-28,wheat,519.75,32.3,0.0,60.0
2025-09-29,wheat,519.5,30.3,8.2,59.0
2025-09-30,wheat,508.0,29.7,0.0,63.0
2025-10-01,wheat,509.25,29.0,2.9,76.0
2025-10-02,wheat,514.75,28.4,0.9,73.0
2025-10-03,wheat,515.25,29.25,0.1,68.0
2025-10-04,wheat,515.25,29.85,0.0,58.0
2025-10-05,wheat,515.25,28.2,7.9,64.0
2025-10-06,wheat,512.75,25.35,7.8,86.0
2025-10-07,wheat,506.75,24.55,4.8,87.0
2025-10-08,wheat,507.25,23.049999999999997,0.2,84.0
2025-10-09,wheat,506.5,23.85,0.4,73.0
2025-10-10,wheat,498.5,23.85,0.0,68.0
2025-10-11,wheat,498.5,24.2,0.0,67.0
2025-10-12,wheat,498.5,25.55,0.0,63.0
2025-10-13,wheat,496.75,26.049999999999997,0.0,59.0
2025-10-14,wheat,500.25,26.55,0.0,50.0
2025-10-15,wheat,498.75,26.1,0.0,50.0
2025-10-16,wheat,502.5,25.85,0.0,51.0
2025-10-17,wheat,503.75,26.450000000000003,0.0,55.0
2025-10-18,wheat,503.75,27.400000000000002,0.0,52.0
2025-10-19,wheat,503.75,28.3,0.0,50.0
2025-10-20,wheat,504.75,27.9,0.0,53.0
2025-10-21,wheat,500.25,26.799999999999997,0.4,57.0
2025-10-22,wheat,503.75,27.0,0.0,49.0
2025-10-23,wheat,513.0,25.950000000000003,0.0,44.0
2025-10-24,wheat,512.5,26.1,0.0,45.0
2025-10-25,wheat,512.5,25.65,0.0,45.0
2025-10-26,wheat,512.5,25.2,0.0,47.0
2025-10-27,wheat,526.0,25.2,0.0,59.0
2025-10-28,wheat,529.0,23.6,0.0,74.0
2025-10-29,wheat,532.25,24.7,0.0,62.0
2025-10-30,wheat,524.25,24.65,0.1,80.0
2025-10-31,wheat,534.0,25.55,0.1,73.0
2025-11-01,wheat,534.0,25.2,0.0,58.0
2025-11-02,wheat,534.0,23.95,0.0,57.0
2025-11-03,wheat,543.5,24.2,0.0,53.0
2025-11-04,wheat,550.25,23.75,0.0,65.0
2025-11-05,wheat,554.75,23.15,0.0,56.0
2025-11-06,wheat,535.5,20.7,0.0,50.0
2025-11-07,wheat,527.75,21.0,0.0,47.0
2025-11-08,wheat,527.75,20.35,0.0,45.0
2025-11-09,wheat,527.75,20.45,0.0,46.0
2025-11-10,wheat,535.75,20.45,0.0,47.0
2025-11-11,wheat,536.0,20.5,0.0,47.0
2025-11-12,wheat,536.0,20.75,0.0,50.0
2025-11-13,wheat,535.75,19.65,0.0,51.0
2025-11-14,wheat,527.25,19.65,0.0,50.0
2025-11-15,wheat,527.25,19.65,0.0,51.0
2025-11-16,wheat,527.25,19.5,0.0,49.0
2025-11-17,wheat,544.25,19.1,0.0,52.0
2025-11-18,wheat,546.5,19.65,0.0,61.0
2025-11-19,wheat,536.75,19.6,0.0,62.0
2025-11-20,wheat,527.0,20.05,0.0,63.0
2025-11-21,wheat,527.0,20.3,0.0,61.0
2025-11-22,wheat,527.0,19.85,0.0,55.0
2025-11-23,wheat,527.0,19.5,0.0,57.0
2025-11-24,wheat,522.25,18.6,0.0,57.0
2025-11-25,wheat,527.25,17.7,0.0,58.0
2025-11-26,wheat,529.0,17.5,0.0,56.0
2025-11-27,wheat,529.0,18.45,0.0,57.0
2025-11-28,wheat,531.0,18.3,0.0,59.0
2025-11-29,wheat,531.0,19.35,0.0,52.0
2025-11-30,wheat,531.0,17.55,0.0,49.0
2025-12-01,wheat,530.25,17.1,0.0,52.0
2025-12-02,wheat,537.75,18.25,0.0,57.0
2025-12-03,wheat,537.75,16.549999999999997,0.0,55.0
2025-12-04,wheat,541.0,15.649999999999999,0.0,56.0
2025-12-05,wheat,537.5,15.2,0.0,56.0
2025-12-06,wheat,537.5,16.85,0.0,52.0
2025-12-07,wheat,537.5,17.4,0.0,56.0
2025-12-08,wheat,536.0,18.65,0.0,53.0
2025-12-09,wheat,536.25,18.05,0.0,54.0
2025-12-10,wheat,531.25,17.9,0.0,58.0
2025-12-11,wheat,534.5,17.700000000000003,0.0,62.0
2025-12-12,wheat,534.5,17.4,0.0,63.0
2025-12-13,wheat,534.5,18.6,0.0,67.0
2025-12-14,wheat,534.5,17.65,0.0,69.0
2025-12-15,wheat,520.75,16.9,0.0,71.0
2025-12-16,wheat,509.5,17.45,0.0,70.0
2025-12-17,wheat,506.25,17.6,0.0,70.0
2025-12-18,wheat,507.75,17.05,0.0,76.0
2025-12-19,wheat,509.75,16.25,0.0,77.0
2025-12-20,wheat,509.75,15.65,0.0,80.0
2025-12-21,wheat,509.75,15.6,0.0,85.0
2025-12-22,wheat,515.5,16.55,0.0,83.0
2025-12-23,wheat,517.0,17.3,0.0,79.0
2025-12-24,wheat,521.75,15.65,0.0,67.0
2025-12-25,wheat,521.75,15.1,0.0,65.0
2025-12-26,wheat,519.0,15.45,0.0,69.0
2025-12-27,wheat,519.0,15.1,0.0,77.0
2025-12-28,wheat,519.0,14.95,0.0,79.0
2025-12-29,wheat,513.0,14.85,0.0,81.0
2025-12-30,wheat,510.75,14.899999999999999,0.0,76.0
2025-12-31,wheat,507.0,14.25,0.0,86.0
2026-01-01,wheat,507.0,13.799999999999999,1.6,89.0
2026-01-02,wheat,506.5,14.3,0.0,78.0
2026-01-03,wheat,506.5,12.75,0.0,77.0
2026-01-04,wheat,506.5,12.8,0.0,78.0
2026-01-05,wheat,512.5,12.85,0.0,81.0
2026-01-06,wheat,510.5,12.4,0.0,86.0
2026-01-07,wheat,518.0,11.9,0.0,89.0
2026-01-08,wheat,518.0,10.95,0.0,88.0
2026-01-09,wheat,517.25,12.350000000000001,0.7,82.0
2026-01-10,wheat,517.25,11.8,0.0,80.0
2026-01-11,wheat,517.25,11.149999999999999,0.0,75.0
2026-01-12,wheat,511.25,11.0,0.0,70.0
2026-01-13,wheat,510.5,11.7,0.0,77.0
2026-01-14,wheat,512.5,11.5,0.0,76.0
2026-01-15,wheat,510.5,11.85,0.0,75.0
2026-01-16,wheat,518.0,13.3,0.0,67.0
2026-01-17,wheat,518.0,15.200000000000001,0.0,71.0
2026-01-18,wheat,518.0,15.05,0.0,77.0
2026-01-19,wheat,518.0,17.85,0.0,59.0
2026-01-20,wheat,510.25,17.2,0.0,61.0
2026-01-21,wheat,507.75,16.45,0.0,63.0
2026-01-22,wheat,515.5,17.45,0.0,61.0
2026-01-23,wheat,529.5,13.55,23.9,88.0
2026-01-24,wheat,529.5,11.799999999999999,0.0,65.0
2026-01-25,wheat,529.5,11.45,0.0,76.0
2026-01-26,wheat,522.5,12.5,0.0,76.0
2026-01-27,wheat,523.25,15.45,19.9,85.0
2026-01-28,wheat,536.0,14.399999999999999,0.0,85.0
2026-01-29,wheat,541.5,14.25,0.0,86.0
2026-01-30,wheat,538.0,14.0,0.0,83.0
2026-01-31,wheat,538.0,14.5,8.9,84.0
2026-02-01,wheat,538.0,16.75,4.3,85.0
2026-02-02,wheat,527.75,15.05,0.0,88.0
2026-02-03,wheat,528.75,15.0,0.0,81.0
2026-02-04,wheat,526.75,15.399999999999999,0.0,77.0
2026-02-05,wheat,535.25,15.899999999999999,0.0,70.0
2026-02-06,wheat,529.75,16.700000000000003,0.0,68.0
2026-02-07,wheat,529.75,18.0,0.0,68.0
2026-02-08,wheat,529.75,16.85,0.0,62.0
2026-02-09,wheat,528.75,17.25,0.0,62.0
2026-02-10,wheat,528.25,19.35,0.0,60.0
2026-02-11,wheat,537.25,20.75,0.0,54.0
2026-02-12,wheat,552.5,18.95,0.0,54.0
2026-02-13,wheat,548.75,19.1,0.0,53.0
2026-02-14,wheat,548.75,19.7,0.0,53.0
2026-02-15,wheat,548.75,20.75,0.0,50.0
2026-02-16,wheat,548.75,21.7,0.0,53.0
2026-02-17,wheat,537.75,22.55,0.0,56.0
2026-02-18,wheat,547.0,19.0,0.9,76.0
2026-02-19,wheat,559.5,20.1,0.0,66.0
2026-02-20,wheat,573.5,21.45,0.0,61.0
2026-02-21,wheat,573.5,21.0,0.0,63.0
2026-02-22,wheat,573.5,21.549999999999997,0.0,55.0
2026-02-23,wheat,569.5,22.1,0.0,52.0
2026-02-24,wheat,567.5,22.75,0.0,52.0
2026-02-25,wheat,565.75,21.95,0.0,46.0
2026-02-26,wheat,571.75,22.55,0.0,44.0
2026-02-27,wheat,591.25,23.4,0.0,42.0
2026-02-28,wheat,591.25,24.9,0.0,42.0
2026-03-01,wheat,591.25,23.85,0.0,44.0
2026-03-02,wheat,574.5,23.950000000000003,0.0,43.0
2026-03-03,wheat,572.25,24.549999999999997,0.0,42.0
2026-03-04,wheat,566.75,25.700000000000003,0.0,45.0
2026-03-05,wheat,582.75,27.4,0.0,45.0
2026-03-06,wheat,611.25,27.0,0.0,50.0
2026-03-07,wheat,611.25,27.650000000000002,0.0,52.0
2026-03-08,wheat,611.25,28.299999999999997,0.0,45.0
2026-03-09,wheat,598.0,28.1,0.0,52.0
2026-03-10,wheat,584.75,28.8,0.0,49.0
2026-03-11,wheat,588.5,28.4,0.0,36.0
2026-03-12,wheat,592.25,28.5,0.0,36.0
2026-03-13,wheat,618.5,27.05,0.0,42.0
2026-03-14,wheat,618.5,25.7,1.7,38.0
2026-03-15,wheat,618.5,22.6,0.9,57.0
2026-03-16,wheat,597.25,24.1,0.3,51.0
2026-03-17,wheat,589.75,24.45,0.0,50.0
2026-03-18,wheat,604.25,25.75,3.9,55.0
2026-03-19,wheat,608.0,22.05,3.2,72.0
2026-03-20,wheat,595.25,17.700000000000003,2.8,88.0
2026-03-21,wheat,595.25,20.25,0.0,73.0
2026-03-22,wheat,595.25,21.55,0.4,65.0
2026-03-23,wheat,587.75,22.4,9.2,73.0
2026-03-24,wheat,590.0,23.65,0.0,60.0
2026-03-25,wheat,597.75,24.65,0.0,48.0
2026-03-26,wheat,605.0,27.9,0.0,43.0
2026-03-27,wheat,605.0,25.05,0.6,50.0
2026-03-28,wheat,605.0,26.95,0.0,43.0
2026-03-29,wheat,605.0,28.75,0.0,48.0
2026-03-30,wheat,607.0,28.150000000000002,0.2,52.0
2026-03-31,wheat,616.25,27.45,0.3,54.0
2026-04-01,wheat,597.5,26.3,0.0,50.0
2026-04-02,wheat,598.25,27.950000000000003,0.0,46.0
2026-04-03,wheat,598.25,26.55,0.4,58.0
2026-04-04,wheat,598.25,25.05,2.3,63.0
2026-04-05,wheat,598.25,24.549999999999997,0.9,53.0
2026-04-06,wheat,595.25,26.4,0.0,38.0
2026-04-07,wheat,598.0,22.9,9.3,65.0
2026-04-08,wheat,580.25,21.15,3.2,72.0
2026-04-09,wheat,574.5,22.3,0.0,57.0
2026-04-10,wheat,571.0,24.6,0.0,37.0
2026-04-11,wheat,571.0,27.25,0.0,33.0
2026-04-12,wheat,571.0,28.35,0.0,29.0
2026-04-13,wheat,582.25,28.15,0.0,28.0
2026-04-14,wheat,592.0,30.25,0.0,24.0
2026-04-15,wheat,593.75,31.150000000000002,0.0,21.0
2026-04-16,wheat,598.5,33.25,0.0,22.0
2026-04-17,wheat,591.25,32.7,0.0,27.0
2026-04-18,wheat,591.25,32.6,0.0,26.0
2026-04-19,wheat,591.25,33.05,0.0,22.0
2026-04-20,wheat,597.0,32.75,0.0,19.0
2026-04-21,wheat,605.0,32.35,0.0,20.0
2026-04-22,wheat,599.25,33.15,0.0,20.0
2026-04-23,wheat,610.75,34.650000000000006,0.0,19.0
2026-04-24,wheat,608.25,34.75,0.0,23.0
2026-04-25,wheat,608.25,35.6,0.0,22.0
2026-04-26,wheat,608.25,35.0,0.0,24.0
2026-04-27,wheat,621.5,35.6,0.0,22.0
2026-04-28,wheat,649.0,32.5,0.0,34.0
2026-04-29,wheat,642.25,31.95,0.0,37.0
2026-04-30,wheat,623.75,30.400000000000002,0.9,44.0
2026-05-01,wheat,624.5,29.9,0.0,47.0
2026-05-02,wheat,624.5,32.5,0.0,39.0
